location,size,total_sqft,bath,predicted_price
Rajaji Nagar,3,2300.0,4.0,21415250.0
 Devarachikkanahalli,2,947.0,2.0,4673510.0
Ganga Nagar Extension,3,1000.0,2.0,4481265.0
Tala Cauvery Layout,3,1720.0,2.0,9252440.0
5th Phase JP Nagar,2,812.0,2.0,3296020.0
Mahadevpura,3,1620.0,2.0,9885220.0
Malleshwaram,8,840.0,7.0,12935000.0
Kanakpura Road,2,1339.0,2.0,8035560.476190477
Panathur,3,1370.0,2.0,7104980.0
Motappa Layout,3,1360.0,2.0,6078132.500000001
Dodda Banaswadi,2,1120.0,2.0,4815070.0
Uttarahalli,2,1050.0,2.0,4206800.0
Marathahalli,2,1250.0,2.0,9709553.333333334
6th Phase JP Nagar,2,1280.0,2.0,5956830.0
Garudachar Palya,3,1960.0,3.0,13528500.0
Dasanapura,2,814.0,2.0,4701755.0
Vajarahalli,1,551.0,1.0,1924340.0
Venkatadri Layout,1,595.0,1.0,3997460.0
Abbigere,3,1260.0,2.0,7110512.222222222
NRI Layout,3,1565.0,2.0,7739768.571428571
KSRTC Layout,2,1200.0,2.0,5284615.714285715
Vishveshwarya Layout,3,600.0,4.0,8733333.333333336
Bharathi Nagar,3,1664.0,3.0,9052058.095238095
Sarjapur  Road,4,3200.0,4.0,33811166.666666664
Kanakpura Road,3,1300.0,3.0,6402630.0
Hennur Road,3,2264.0,3.0,16405600.0
Kadugodi,3,1430.0,2.0,7680367.5
Electronic City,2,1060.0,2.0,5686795.158730159
Whitefield,1,840.0,1.0,5304652.142857142
Thigalarapalya,2,1418.0,2.0,10324797.113997117
Bommenahalli,3,832.0,3.0,9326700.0
Kundalahalli,2,1175.0,2.0,5047123.333333333
Virat Nagar,2,1205.0,2.0,5910663.333333332
Banashankari Stage II,4,1500.0,2.0,10891370.039682541
Mahalakshmi Layout,3,1876.0,3.0,12712116.666666668
Hebbal,2,1320.0,2.0,9910498.0
Chikkalasandra,2,1224.0,2.0,4911070.0
Millers Road,3,2850.0,4.0,23859333.33333333
Dasarahalli,2,1220.0,2.0,5526780.0
Green Glen Layout,2,1250.0,2.0,5940594.285714285
Hebbal,2,1072.0,2.0,5060710.0
Whitefield,3,1585.0,3.0,8671900.0
Pillahalli,3,1900.0,2.0,14760560.0
KR Puram,3,1455.0,3.0,7385256.666666666
Subramanyapura,2,929.0,2.0,4870118.904761905
Kanakpura Road,2,1628.0,2.0,9734885.0
Cunningham Road,3,2700.0,3.0,35294500.00000001
Soundarya Layout,2,900.0,2.0,4306333.333333334
Bannerghatta Road,2,1400.0,2.0,7321548.333333334
Nagarbhavi,3,1630.0,2.0,10030585.0
Budigere,2,1139.0,2.0,6533130.0
Hommadevanahalli,2,927.0,2.0,4252333.095238095
KR Puram,2,1100.0,2.0,4644832.142857143
Gollarapalya Hosahalli,2,861.0,2.0,3670280.0
Kengeri,1,340.0,1.0,1980890.0
Hoskote,2,1065.0,2.0,3185220.0
Neeladri Nagar,2,1060.0,2.0,4530210.0
Gubbalala,4,4000.0,5.0,44736178.57142857
Uttarahalli,3,1385.0,2.0,6236214.51190476
Bommanahalli,3,1300.0,3.0,6126580.0
Old Madras Road,3,2425.0,3.0,17066833.333333336
4th T block Jayanagar,4,2080.0,4.0,13451153.102453103
Peenya,4,1200.0,4.0,11855000.0
Ambalipura,2,1351.0,2.0,8945151.666666666
Sarjapur  Road,1,691.0,1.0,3676705.0
Thanisandra,2,1100.0,2.0,6872184.523809525
3rd Block Hrbr Layout,5,1200.0,5.0,13843500.0
Kanakpura Road,1,458.0,1.0,2545649.8123760917
Electronic City Phase II,2,1031.0,2.0,5387167.841269841
Sarjapur  Road,3,1220.0,3.0,5924550.0
Sarakki Nagar,3,2289.0,3.0,18366000.0
Hosur Road,2,1345.0,2.0,10514485.238095235
7th Phase JP Nagar,2,1050.0,2.0,5978679.523809525
Begur Road,3,1565.0,2.0,6921700.0
Brookefield,4,3050.0,4.0,23377472.222222224
JP Nagar,2,1152.0,2.0,7306050.666666668
Chandapura,2,1200.0,2.0,4500133.333333333
Hennur,4,2557.0,,17998333.333333336
Green Glen Layout,3,1625.0,3.0,8921000.0
Anand nagar,3,2010.0,3.0,12844714.285714285
Byrasandra,2,1140.0,2.0,4748474.507326008
Madiwala,2,1165.0,2.0,4863210.0
Ejipura,2,1200.0,2.0,6371972.857142857
Marathahalli,2,1200.0,2.0,7447655.158730161
Marathahalli,2,1220.0,2.0,5919446.666666666
Milk Colony,4,1200.0,4.0,11855000.0
Anwar Layout,1,720.0,1.0,3269427.0
Reliaable Tranquil Layout,3,1508.0,3.0,7583750.0
Haralur Road,3,1560.0,3.0,8386836.666666666
Electronic City,2,1353.0,2.0,7973086.666666666
Kenchenahalli,2,1015.0,2.0,5384807.5
KR Garden,2,1300.0,2.0,6745426.666666666
Hennur Road,3,1949.0,3.0,12724420.0
Raja Rajeshwari Nagar,2,1095.0,2.0,4231157.964285714
Mysore Road,3,1360.0,3.0,6596715.0
Doddabommasandra,3,1550.0,2.0,8043713.333333332
Balagere,2,1205.0,2.0,7708118.507936508
1st Phase JP Nagar,8,1200.0,7.0,18580000.0
Parappana Agrahara,2,1194.0,2.0,4652923.3155990895
Kanakapura,2,1283.0,2.0,6702290.0
Hoodi,2,1257.0,2.0,6899090.714285714
Pattandur Agrahara,3,1550.0,2.0,7999860.0
tc.palya,2,1000.0,2.0,4819925.0
Chandapura,2,900.0,2.0,3612461.666666666
Haralur Road,2,1092.0,2.0,4793583.333333333
Narayana Nagar 1st Block,2,1202.0,2.0,6116385.714285715
Electronic City,3,1644.0,3.0,9450500.0
Sarjapur  Road,2,1117.0,2.0,6011800.0
Ramamurthy Nagar,2,1050.0,2.0,5001880.0
Kengeri Satellite Town,2,800.0,2.0,3341540.0
Anekal,2,1200.0,1.0,3618200.0
Sarjapur  Road,3,1565.0,3.0,10725116.666666664
Subramanyapura,2,960.0,2.0,4363330.0
Sarjapur,3,1333.0,3.0,6790750.0
Sonnenahalli,3,1484.0,3.0,7911660.0
JP Nagar,4,3200.0,5.0,24001900.0
Dasanapura,2,965.0,2.0,4465283.333333333
Nagarbhavi,3,1350.0,3.0,15893333.333333336
Chikkalasandra,3,1290.0,2.0,6176611.785714285
Kothanur,2,1075.0,2.0,5281890.0
Electronic City,2,1025.0,2.0,5377833.968253967
Sarjapur  Road,2,1045.0,2.0,5789425.0
Gowdanapalya,1,510.0,1.0,2378185.833333333
Raja Rajeshwari Nagar,2,1306.0,2.0,5312163.261904762
Lakshminarayana Pura,2,1210.0,2.0,7569169.047619048
Kanakpura Road,3,1495.0,2.0,8548342.943722941
Badavala Nagar,3,1842.0,3.0,11474000.0
Koppa,3,720.0,3.0,6939508.333333334
Electronic City,3,1500.0,2.0,7634638.917230644
Kothanur,3,1828.0,3.0,10744083.333333332
Raja Rajeshwari Nagar,2,1260.0,2.0,6028692.0
Maruthi nagar kogilu,2,1200.0,3.0,5674470.0
Subramanyapura,3,1245.0,2.0,6888765.258799171
Rajaji Nagar,5,2500.0,4.0,38885833.33333333
Hennur Road,2,1480.0,2.0,8157554.25
Hebbal,3,1110.0,3.0,5910600.0
Old Madras Road,3,2266.0,3.0,15250925.000000002
Kambipura,2,883.0,2.0,4095635.5457966537
Marathahalli,3,1595.0,3.0,9333921.428571427
Electronics City Phase 1,3,1330.0,2.0,5539076.190476191
Pai Layout,2,1050.0,2.0,4554623.75
Bellandur,3,2000.0,3.0,11068000.0
Kadugodi,2,1394.0,2.0,7265355.0
Electronic City,1,635.0,1.0,3448383.376068377
Vittasandra,2,1246.0,2.0,6637257.9162901165
Abbigere,5,1200.0,4.0,11440500.0
Rajiv Gandhi Nagar,3,1750.0,3.0,11634283.333333332
Malleshwaram,4,2500.0,5.0,36541150.0
Ramamurthy Nagar,2,1000.0,2.0,5047535.0
Kogilu,3,1559.0,3.0,10795920.0
Kanakpura Road,3,1452.0,3.0,7269792.333333332
Sarjapur  Road,3,1380.0,2.0,7174105.166666666
Kanakpura Road,3,1550.0,3.0,8777553.333333334
Dodda Nekkundi,2,1315.0,2.0,6941161.666666666
Ramamurthy Nagar,2,1050.0,2.0,5001880.0
Subramanyapura,3,2495.0,3.0,15554000.0
Attibele,1,418.0,1.0,1476413.0952380951
Sarjapura - Attibele Road,3,2400.0,3.0,17602000.0
HMT Layout,3,1650.0,3.0,9768951.666666666
Keshava Nagar,2,1279.0,2.0,6081323.333333332
Uttarahalli,3,1360.0,2.0,6102518.809523809
Dasanapura,2,966.0,2.0,4624856.666666667
Basapura,2,1100.0,2.0,5990688.095238097
Kalkere Channasandra,2,1200.0,2.0,5297615.714285715
Kengeri,1,600.0,1.0,2148240.0
Jigani,3,1231.0,3.0,7756740.0
Sarjapur  Road,3,1770.0,3.0,10449668.333333334
Varthur,2,1111.0,2.0,4288620.0
Hebbal,3,2400.0,4.0,18572885.714285716
Munnekollal,2,950.0,2.0,4455620.0
6th Phase JP Nagar,2,1140.0,2.0,4867142.840659341
Hebbal,3,2600.0,3.0,19976500.0
Old Madras Road,3,2266.0,3.0,15250925.000000002
Jakkur,3,1710.0,3.0,11124780.0
2nd Phase JP Nagar,3,1200.0,3.0,7086213.785714286
HSR Layout,4,2400.0,4.0,15964202.38095238
Yelahanka,3,1705.0,3.0,8916834.285714285
Bhoganhalli,3,1718.0,3.0,12303318.333333336
Hegde Nagar,3,1884.0,4.0,11992083.333333336
Electronic City Phase II,2,1000.0,2.0,2848077.153846154
Hennur,2,1100.0,2.0,5267950.0
Marathahalli,2,1350.0,2.0,7664647.142857143
Raja Rajeshwari Nagar,3,1850.0,3.0,12773357.142857142
"Basnashankari,6th stage,",3,600.0,3.0,7521733.333333332
BTM 1st Stage,3,1717.0,3.0,11748150.0
Kumaraswami Layout,4,2600.0,4.0,25138000.0
Rajaji Nagar,3,1640.0,3.0,24429915.079365086
Telecom Layout,2,1200.0,2.0,5340472.857142857
1st Phase JP Nagar,4,2825.0,4.0,22281685.714285716
Hebbal,3,1586.0,3.0,10413728.197913198
Sarjapur  Road,3,1450.0,2.0,9200320.000000002
Yelahanka,2,1023.0,2.0,4395797.5
Laggere,8,1800.0,8.0,14409500.0
Mallathahalli,2,1200.0,2.0,5297615.714285715
Raja Rajeshwari Nagar,3,1608.0,3.0,7981940.0
Kundalahalli,3,1800.0,3.0,11232829.365079368
Hennur Road,2,1385.0,2.0,7544850.0
Bannerghatta,2,1113.0,2.0,5055500.0
BTM 1st Stage,4,1100.0,5.0,16551500.0
Thanisandra main road,3,3144.0,3.0,24805857.14285714
Hennur Road,3,1100.0,2.0,6210016.515151515
Bannerghatta,4,810.0,4.0,10213000.0
Kaggadasapura,2,1110.0,2.0,4273829.773809523
Hosa Road,2,1040.0,2.0,5925327.571428571
Balagere,2,1007.0,2.0,6707635.238095238
Gunjur,2,1235.0,2.0,5522229.545454545
Thubarahalli,3,1885.0,3.0,12155573.809523812
Kasavanhalli,2,1200.0,2.0,5113683.571428571
Ulsoor,4,36000.0,4.0,168024000.0
Raja Rajeshwari Nagar,2,1255.0,2.0,6273915.541666666
Subramanyapura,3,1400.0,2.0,7195645.0
Kanakpura Road,3,1843.0,3.0,11439333.333333332
Thanisandra,3,1588.0,3.0,10394663.095238091
Sahakara Nagar,2,1150.0,2.0,5019267.916666667
Kanakpura Road,2,1309.0,2.0,9019235.690476192
Yelahanka,2,1322.0,2.0,8137456.666666666
Kanakpura Road,1,458.0,1.0,2545649.8123760917
Koramangala,3,1594.0,3.0,18636000.0
Bommanahalli,3,1850.0,3.0,12773357.142857142
Kanakpura Road,2,1331.0,2.0,9502845.0
Kammasandra,2,990.0,2.0,2844210.0
Dommasandra,2,674.0,1.0,2766142.380952381
Varthur,3,2145.0,3.0,17296916.666666664
Gottigere,2,1200.0,2.0,6918802.857142857
Varthur Road,2,1033.0,2.0,4804668.888888889
Uttarahalli,2,1120.0,2.0,4823369.543650795
CV Raman Nagar,3,1659.0,3.0,9308387.619047618
 Mysore Highway,3,1450.0,2.0,8256288.333333334
Bellandur,2,1250.0,2.0,5795427.619047619
Thanisandra,3,1595.0,3.0,10296484.523809519
"Thanisandra Main Road, ",4,2872.0,4.0,22338419.04761905
Outer Ring Road East,3,1738.0,3.0,11135926.19047619
Kanakpura Road,2,900.0,2.0,4691333.333333334
7th Phase JP Nagar,3,1575.0,2.0,10932000.0
Raja Rajeshwari Nagar,2,1140.0,2.0,4338831.404484405
Varthur,3,2160.0,3.0,16952166.666666664
Ramamurthy Nagar,4,3700.0,4.0,31662000.0
Sanne Amanikere,1,655.0,1.0,3632016.4999999995
Bagalakunte,5,750.0,3.0,8693000.0
Srirampuram,2,432.0,2.0,2375043.3333333335
Yelahanka,3,1825.0,3.0,10643166.666666666
Cox Town,2,1000.0,2.0,8487000.0
Whitefield,3,1697.0,3.0,10346224.333333334
Raja Rajeshwari Nagar,1,500.0,1.0,1989056.6666666665
7th Phase JP Nagar,2,1050.0,2.0,5978679.523809525
Uttarahalli,2,1160.0,2.0,4393008.738095238
Channasandra,2,1065.0,2.0,3588390.6666666656
Bhoganhalli,3,1395.0,2.0,6991837.619047618
JP Nagar,3,1520.0,3.0,8502277.5
Kadugodi,2,1100.0,2.0,5121950.0
2nd Stage Nagarbhavi,4,1500.0,4.0,21935000.0
Electronic City Phase II,3,1549.0,3.0,7838390.0
Attibele,2,656.0,2.0,2673768.3333333335
Kanakapura main  Road,3,1495.0,2.0,7932772.229437227
"Varthur Road, ",2,1330.0,2.0,7983967.904761905
Iblur Village,3,1920.0,3.0,13418222.222222224
Hebbal,4,4225.0,6.0,41976666.666666664
Versova Layout,4,3700.0,4.0,31662000.0
Whitefield,3,1660.0,3.0,10880291.962861694
Singena Agrahara,3,1500.0,3.0,10630000.0
Yeshwanthpur,2,1170.0,2.0,7728340.0
Hulimavu,2,1175.0,2.0,5180706.666666666
Ashwath Nagar,2,1262.0,2.0,5714495.0
Ramagondanahalli,3,1610.0,2.0,11316428.571428573
Kothannur,3,1275.0,3.0,5241020.0
kanakapura main road,2,1041.0,2.0,4985366.666666667
Banashankari,4,2500.0,4.0,34101700.0
Harlur,2,1033.0,2.0,4820862.222222222
Anekal,2,1200.0,2.0,3686600.0
Hebbal,4,2790.0,5.0,27646000.0
Hegde Nagar,3,1801.0,3.0,11343160.0
Electronic City,2,1128.0,2.0,6537683.653592417
Kanakpura Road,2,950.0,2.0,5212320.0
Hulimavu,1,581.0,1.0,2957951.666666667
Sarjapur  Road,4,4050.0,2.0,36596000.0
Panathur,2,1198.0,2.0,8269548.015873015
Hennur Road,3,2089.0,3.0,13347250.000000002
Hormavu,2,1400.0,2.0,5882630.0
Frazer Town,2,1200.0,2.0,6326972.857142857
Yelahanka,3,1275.0,2.0,6504890.0
Thanisandra,2,1265.0,2.0,8182578.571428573
Electronics City Phase 1,3,1900.0,3.0,12812416.666666664
Raja Rajeshwari Nagar,1,510.0,1.0,2378685.833333333
Garudachar Palya,2,1060.0,2.0,4835240.0
Raja Rajeshwari Nagar 5th Stage,2,1056.0,2.0,4884320.416666666
Mahadevpura,3,1720.0,3.0,11526731.666666664
Hebbal,4,3900.0,4.0,40295000.0
Kudlu Gate,2,1238.0,2.0,5621947.555555555
Hegde Nagar,2,1179.0,2.0,5697575.0
Narayanapura,2,1308.0,2.0,8563831.666666668
Whitefield,3,1806.0,3.0,12238058.57142857
Reliaable Tranquil Layout,2,1256.0,2.0,6379156.666666668
Whitefield,4,6000.0,4.0,58114833.33333334
Indira Nagar,2,1210.0,2.0,9242383.333333332
Dollars Layout,3,1460.0,3.0,7364416.666666666
Kengeri,4,2540.0,4.0,19272333.333333336
Vinayaka Nagar,2,1200.0,2.0,5297615.714285715
JP Nagar,3,1315.0,2.0,6679864.285714285
Raja Rajeshwari Nagar,2,1419.0,2.0,5647705.333333334
Kadugondanahalli,2,800.0,1.0,3285663.5714285714
Hulimavu,2,1011.0,2.0,7139388.333333334
Horamavu Agara,2,760.0,2.0,3804936.4285714286
OMBR Layout,3,600.0,3.0,7987333.333333332
RMV 2nd Stage,4,1150.0,4.0,17993500.0
Kudlu,2,1027.0,2.0,4348660.137085136
Electronic City,2,970.0,2.0,4735447.619047619
Lakshminarayana Pura,2,1200.0,2.0,7593785.714285714
Kanakpura Road,3,1150.0,2.0,6322651.190476191
Thigalarapalya,2,1418.0,2.0,10324797.113997117
Yeshwanthpur,1,668.0,1.0,3684500.0
Malleshwaram,2,1400.0,2.0,12066833.333333332
Kammagondahalli,6,2700.0,7.0,15163000.0
Nagarbhavi,3,1050.0,3.0,23203628.57142857
Indira Nagar,3,2200.0,3.0,17154333.333333332
Cooke Town,2,1710.0,2.0,8653800.0
Yelahanka New Town,1,450.0,1.0,1680300.0
Sarjapur  Road,3,1200.0,3.0,7338207.5
Bagalakunte,1,700.0,1.0,3585641.666666667
Jayanagar,2,900.0,2.0,6809000.0
Arasanakunte,5,1200.0,6.0,13381500.0
Brookefield,2,1089.0,2.0,4622326.0
Whitefield,3,1870.0,3.0,13812750.0
Nagarbhavi,3,600.0,2.0,9040000.0
Konanakunte Cross,2,1050.0,2.0,4704623.75
Vidyaranyapura,2,1175.0,2.0,5108863.333333333
Hennur Road,2,1015.0,2.0,4851458.333333333
Bande Nallasandra,3,2400.0,4.0,17575719.04761905
Jalahalli East,3,1475.0,3.0,7932140.0
Singasandra,2,1100.0,2.0,4805200.0
Whitefield,2,1173.0,2.0,7647700.0
7th Phase JP Nagar,2,1100.0,2.0,4495000.0
8th block Koramangala,2,1410.0,1.0,9234785.0
Bannerghatta Road,1,595.0,1.0,3296975.0
Attibele,1,460.0,1.0,1422500.0
Magadi Road,2,1345.0,2.0,8158198.333333334
Hennur Road,3,1552.0,3.0,8183210.0
Hebbal,2,1349.0,2.0,9731492.142857142
Dodda Nekkundi,2,1100.0,2.0,4464087.833333334
Tigalarpalya,2,1150.0,2.0,5010267.916666667
Panathur,2,1198.0,2.0,8269548.015873015
Rajarajeshwari Nagara,4,1200.0,5.0,16659500.0
Hebbal,4,2630.0,5.0,20835650.0
Devanahalli,2,1080.0,2.0,4499663.333333334
RMV Extension,3,1630.0,3.0,7931060.0
Hebbal Kempapura,3,1800.0,3.0,14611000.0
HBR Layout,3,1832.0,3.0,10849330.0
Sarjapur  Road,2,1346.0,2.0,7403000.0
Bannerghatta Road,2,793.0,2.0,3913275.2380952383
Hebbal,3,1255.0,3.0,8080420.0
B Narayanapura,3,1092.0,2.0,4755804.090909091
Chandapura,3,1208.0,3.0,5474616.666666668
Dodsworth Layout,2,1400.0,2.0,7672168.333333334
Thigalarapalya,4,3122.0,6.0,24183337.179487176
Shanti Nagar,3,1602.0,2.0,13731380.0
Sarjapur,3,1575.0,3.0,8972123.80952381
Hebbal,2,1100.0,2.0,4800535.714285715
Sarjapur  Road,2,1026.0,2.0,5944883.333333334
KR Puram,2,1085.0,2.0,4633479.5
Ashirvad Colony,2,1000.0,2.0,4901925.0
Kereguddadahalli,2,1105.0,2.0,4277888.333333334
Garebhavipalya,2,1200.0,2.0,5297615.714285715
Thigalarapalya,3,2215.0,4.0,16039642.857142856
Indira Nagar,4,2400.0,4.0,58639933.33333332
Kodichikkanahalli,5,2500.0,7.0,10798000.0
Anjanapura,2,1076.0,2.0,4642949.999999999
Thanisandra,1,760.0,1.0,4563831.666666666
Gunjur,2,1063.0,2.0,4655306.666666667
Hebbal,3,1255.0,2.0,8592480.85714286
Frazer Town,3,1700.0,3.0,12926211.904761903
Kogilu,3,1664.0,2.0,10694545.0
Kadubeesanahalli,3,1365.0,3.0,6007873.666666668
Yelahanka,2,600.0,2.0,2957566.666666666
Virat Nagar,2,2080.0,2.0,11414980.0
New Thippasandra,3,1500.0,3.0,8820606.666666668
Roopena Agrahara,2,1050.0,2.0,4704623.75
Balagere,2,1012.0,2.0,6787426.19047619
Kasavanhalli,3,1819.0,3.0,13696875.0
kg halli jalhalli west,3,980.0,3.0,8819790.0
Hiremath Layout,3,1715.0,3.0,11497246.212121211
Battarahalli,3,1779.0,3.0,9575820.0
KR Puram,2,1000.0,2.0,4092000.0
Ramagondanahalli,3,1610.0,2.0,11316428.571428573
Kadubeesanahalli,2,1185.0,2.0,5094672.952380952
Bommanahalli,2,1020.0,2.0,4167127.2619047617
Judicial Layout,3,2070.0,3.0,12626090.0
Begur Road,2,1200.0,2.0,4354300.610449191
Panathur,2,1000.0,2.0,4487000.0
"Banasawadi, ",3,2312.0,3.0,15046893.333333336
Jakkur,3,1396.0,2.0,7034867.619047618
1st Phase JP Nagar,3,2059.0,3.0,18194000.0
Binny Pete,3,2406.0,5.0,23032619.04761905
Whitefield,4,1344.0,3.0,11054900.0
Banashankari,5,500.0,5.0,10312000.0
Ullal Road,5,1200.0,5.0,13374000.0
Kenchenahalli,3,1280.0,2.0,5929543.333333332
1st Phase JP Nagar,2,1077.0,2.0,5477856.153846154
Dodda Nekkundi,2,1370.0,2.0,7210980.0
Electronic City,3,1360.0,2.0,6838982.166666666
R.T. Nagar,3,1500.0,2.0,17089044.738562092
Old Madras Road,4,3715.0,6.0,25613000.0
Gaurava Nagar,5,1650.0,6.0,15187500.0
Old Madras Road,2,1165.0,2.0,4624343.333333333
Varthur,2,1112.0,2.0,4236260.0
Kaikondrahalli,2,849.0,2.0,3063910.0
Electronic City Phase II,2,1252.0,2.0,6424980.0
Akshaya Nagar,2,900.0,2.0,4435333.333333334
Kamakshipalya,9,1800.0,9.0,16914500.0
Sarjapur  Road,2,1216.0,2.0,9285166.666666668
Lingadheeranahalli,3,1684.0,3.0,12670484.523809524
Mahalakshmi Puram,2,830.0,2.0,3481036.666666667
Electronic City,1,710.0,1.0,3510235.8095238097
Hosa Road,3,1893.0,3.0,12099842.380952382
Devanahalli Int. Airport,2,1380.0,2.0,8096300.0
Karuna Nagar,3,1163.0,3.0,12826587.5
Anjanapura,1,600.0,2.0,3255615.0
Yelahanka,2,1274.0,2.0,7093278.857142857
Raja Rajeshwari Nagar,3,1570.0,3.0,8680976.904761905
Sarjapur  Road,5,3905.0,7.0,40394166.66666667
Thanisandra,3,1430.0,2.0,7680367.5
Thubarahalli,2,1216.0,2.0,7103882.51984127
"white field,kadugodi",6,2100.0,6.0,9954000.0
Marathahalli,3,1435.0,3.0,9705450.0
Whitefield,3,1720.0,3.0,11409899.333333332
Amruthahalli,2,4400.0,3.0,30602750.0
Malleshwaram,3,2250.0,3.0,25763773.80952381
Kengeri Satellite Town,1,930.0,1.0,4553400.0
9th Phase JP Nagar,2,1005.0,2.0,4823788.333333333
Kodihalli,2,1000.0,2.0,4819925.0
Sarakki Nagar,3,1840.0,4.0,18005786.666666668
,3,1600.0,3.0,8981833.333333334
Mallathahalli,2,1100.0,2.0,5988790.0
Basava Nagar,1,550.0,1.0,1924340.0
Poorna Pragna Layout,3,1270.0,2.0,5079000.0
Whitefield,3,1495.0,,11154610.0
Hoodi,8,1120.0,8.0,15133916.666666668
Yelahanka,1,654.0,1.0,3747100.4761904757
Uttarahalli,2,1180.0,2.0,4524940.0
Bannerghatta Road,2,1200.0,2.0,5766022.857142857
Thigalarapalya,4,4303.0,5.0,46988011.9047619
Electronic City,3,1615.0,3.0,10704700.0
Amruthahalli,2,1190.0,2.0,4915768.77463266
9th Phase JP Nagar,8,800.0,8.0,12768000.0
Kirloskar Layout,3,1400.0,3.0,6872040.0
Bellandur,3,1138.0,3.0,10016450.0
Hennur,2,1255.0,2.0,5504431.766212981
Billekahalli,4,1672.0,3.0,13580580.0
Annaiah Reddy Layout,2,1075.0,2.0,5191441.153846154
Banaswadi,2,1250.0,2.0,6122094.285714285
NGR Layout,2,1022.0,2.0,4728235.714285714
Malleshwaram,1,480.0,1.0,2328596.666666667
Pulkeshi Nagar,2,1452.55,2.0,8443990.0
Sarjapur  Road,3,1787.0,3.0,12117000.0
BTM 1st Stage,9,3300.0,14.0,37218000.0
Thanisandra,3,1732.0,3.0,10391419.833333336
Sarvabhouma Nagar,5,1500.0,5.0,14171000.0
Whitefield,2,935.0,2.0,5542104.714285715
Manonarayanapalya,3,800.0,2.0,6275040.0
Raja Rajeshwari Nagar,1,600.0,1.0,3305655.0
Kanakpura Road,2,1110.0,2.0,4886990.0
Hosahalli Extension,2,360.0,2.0,2590030.0
Nagavarapalya,2,1392.0,2.0,11005129.04761905
Volagerekallahalli,2,1070.0,2.0,3339569.0476190476
Ramagondanahalli,3,1475.0,2.0,7894902.242424242
8th Phase JP Nagar,3,950.0,3.0,8829110.0
HSR Layout,2,1140.0,2.0,4619000.0
8th Phase JP Nagar,9,1200.0,8.0,17416333.333333332
Banashankari Stage VI,3,600.0,3.0,7704933.333333332
7th Phase JP Nagar,4,1500.0,5.0,18018450.0
Shampura,2,1187.0,2.0,4958203.233082706
Yelahanka New Town,1,650.0,1.0,2539276.1904761903
MS Pallya,3,1100.0,3.0,6700747.5
Raja Rajeshwari Nagar,2,1295.0,2.0,5085708.858225108
2nd Stage Nagarbhavi,3,600.0,5.0,10598000.0
Banjara Layout,5,1200.0,5.0,13623500.0
Sarjapur  Road,3,1592.0,3.0,10753955.0
JP Nagar,3,1500.0,2.0,8235212.56684492
Koramangala,4,1410.0,2.0,11012340.0
Haralur Road,2,1243.0,2.0,4595088.483162415
Kambipura,2,883.0,2.0,4095635.5457966537
Gottigere,3,1304.0,3.0,6555900.0
Dinnur,6,1034.0,5.0,13671833.333333336
2nd Phase JP Nagar,3,2610.0,3.0,19093000.0
Kadugodi,3,1762.0,3.0,10656388.511904763
5th Phase JP Nagar,3,1350.0,2.0,7237954.666666666
Yelachenahalli,2,1200.0,2.0,5297615.714285715
Yeshwanthpur,2,1161.0,2.0,7207290.0
Kanaka Nagar,3,2274.24,4.0,17575733.333333336
Ambalipura,4,2750.0,4.0,21192211.904761903
Banashankari Stage V,3,1200.0,4.0,14533000.0
Kenchenahalli,2,870.0,1.0,4173510.0
Uttarahalli,3,1345.0,2.0,5842930.0
Bhuvaneshwari Nagar,2,1280.0,2.0,6393866.666666666
Banashankari,2,1077.0,2.0,5413340.0
Rustam Bagh Layout,3,1490.0,2.0,8086520.443722943
1st Block Koramangala,4,3000.0,5.0,34973841.666666664
Haralur Road,2,1300.0,2.0,7002928.571428572
Bannerghatta Road,2,1215.0,2.0,6062989.285714285
Electronic City,2,1100.0,2.0,6353487.678571429
Yelahanka,2,1170.0,2.0,5401270.0
Sanjay nagar,2,1000.0,2.0,5067375.0
Sarjapur  Road,3,1385.0,3.0,6738460.0
Yelachenahalli,3,1330.0,3.0,6613083.333333332
Electronic City Phase II,2,1020.0,2.0,2858629.1904761903
Kalena Agrahara,2,1200.0,2.0,4382583.333333334
Yelahanka,4,2600.0,4.0,19637666.666666668
Kothanur,2,1455.0,2.0,8108113.333333332
Attibele,1,400.0,1.0,1167672.2222222225
Raja Rajeshwari Nagar,3,1630.0,3.0,8135178.333333332
Hennur Road,4,2000.0,4.0,13409916.666666668
Sarjapur,4,4201.0,4.0,34462833.333333336
Bannerghatta Road,3,1365.0,3.0,6334277.0
Hegde Nagar,3,1703.0,3.0,12606821.428571427
Kanakpura Road,3,1450.0,3.0,7224549.76190476
Raja Rajeshwari Nagar,2,1165.0,2.0,6164783.333333332
Marasandra,4,5000.0,5.0,42158000.0
Sarjapur  Road,3,3009.0,3.0,23090166.66666667
Whitefield,2,1200.0,2.0,7186336.463100749
Yeshwanthpur,3,1430.0,3.0,7965150.0
Hosur Road,3,1427.0,2.0,8101540.0
CQAL LAYOUT C BLOCK,3,1200.0,3.0,7086213.785714286
Pampa Extension,2,1178.0,2.0,5587308.333333332
Rajaji Nagar,3,1621.0,3.0,22168203.174603175
Hennur Road,3,1703.0,3.0,11486428.57142857
Amruthnagar,2,1210.0,2.0,5856091.666666666
Thippasandra,1,660.0,1.0,3701733.333333333
Panathur,2,1195.0,2.0,5889616.083361084
Rayasandra,3,1458.0,3.0,7479726.666666666
Sonnenahalli,1,614.5,1.0,3443952.8571428573
Virat Nagar,2,1110.0,2.0,4886990.0
Sahakara Nagar,4,1200.0,4.0,16585000.0
Karuna Nagar,3,2500.0,3.0,16839000.0
Ulsoor,3,450.0,3.0,5157000.0
Whitefield,2,1186.0,2.0,7097496.666666668
Kasavanhalli,4,1863.0,3.0,15834250.0
Haralur Road,2,1315.0,2.0,7923117.619047619
6th Phase JP Nagar,2,1180.0,2.0,6432676.666666666
Ramamurthy Nagar,2,1200.0,2.0,6349769.119769119
5th Block Jayanagar,1,1500.0,1.0,6231590.0
Kengeri,2,1155.0,2.0,5131274.833333333
Hanumanth Nagar,2,1225.0,2.0,4943655.0
Munnekollal,3,1222.0,3.0,5853943.333333334
Hennur Road,2,1085.0,2.0,3912860.0
Bannerghatta Road,2,1200.0,2.0,5766022.857142857
Nehru Nagar,3,1674.0,3.0,9219523.333333334
Kanakpura Road,3,1200.0,2.0,7161177.777777778
Chamrajpet,6,1500.0,9.0,17834000.0
Ramamurthy Nagar,3,1400.0,3.0,6967040.0
Chandapura,3,1185.0,2.0,5313289.523809523
Jakkur,3,1760.0,3.0,12932790.0
Tumkur Road,3,1343.5,3.0,8111300.0
Haralur Road,1,575.0,1.0,3465625.0
Sarjapur,4,3854.5,6.0,28211166.66666667
Electronic City,2,1128.0,2.0,6537683.653592417
Uttarahalli,2,1125.0,2.0,4754357.7976190485
Iblur Village,2,1400.0,2.0,7267548.333333334
near Ramanashree California resort,6,3600.0,4.0,18799750.0
Pattanagere,2,850.0,2.0,3138475.0
Whitefield,4,2850.0,5.0,20609333.333333336
Hebbal,4,4235.0,4.0,41849166.666666664
Varthur,3,1615.0,3.0,8963990.0
Kasturi Nagar,5,1650.0,5.0,17820000.0
Banagiri Nagar,3,2008.0,3.0,13385666.66666667
Begur Road,3,1500.0,2.0,7837175.641686743
Kathriguppe,3,1250.0,2.0,6789940.0
Govindapura,2,1310.0,2.0,6684891.190476191
Anjanapura,3,1843.0,3.0,11544333.333333332
Near International Airport,2,1330.0,2.0,7983967.904761905
KR Puram,2,1550.0,2.0,7392403.333333332
Yelenahalli,2,1260.0,2.0,5886742.0
Green Glen Layout,3,1575.0,3.0,9247208.80952381
Sarjapura - Attibele Road,2,1308.0,2.0,6828648.333333332
Raja Rajeshwari Nagar,2,1306.0,2.0,5312163.261904762
Avalahalli,3,2045.0,3.0,13781416.666666664
NGR Layout,2,1021.0,2.0,4725529.880952381
Sarjapur  Road,3,2275.0,4.0,18165051.190476194
Talaghattapura,2,921.0,2.0,3382286.666666666
Thanisandra,3,1732.0,3.0,10391419.833333336
Nagavara,3,2430.0,4.0,21424650.000000004
Haralur Road,1,575.0,1.0,3465625.0
Choodasandra,2,1115.0,2.0,4964670.0
Tindlu,7,7500.0,7.0,111008000.0
Marathahalli,2,1125.0,2.0,5430651.111111112
Talaghattapura,3,2254.0,3.0,16449191.666666668
Harlur,3,1709.0,3.0,11116505.238095239
Marathahalli,3,1600.0,3.0,9097071.428571427
Sahakara Nagar,3,2400.0,3.0,17602000.0
Electronic City Phase II,3,1310.0,2.0,5584970.0
Jalahalli,3,1615.0,3.0,10672690.0
Anjanapura,3,1347.0,2.0,6286128.0
Doctors Layout,3,1450.0,3.0,7224549.76190476
Meenakunte,3,3900.0,3.0,29602000.0
Kodichikkanahalli,2,1025.0,2.0,4387536.388888889
Yelahanka,3,1282.0,2.0,6874100.0
Sarjapur  Road,3,1525.0,2.0,8865601.960784314
Seetharampalya,3,1500.0,3.0,8511440.0
Gollarapalya Hosahalli,3,1605.0,3.0,8921500.0
Horamavu Agara,2,1107.83,2.0,4343750.0
Rajaji Nagar,3,2533.0,3.0,38748166.666666664
Electronic City,2,975.0,2.0,5091110.952380952
Indira Nagar,4,2800.0,4.0,44701583.33333333
Yelahanka New Town,2,1100.0,2.0,5267950.0
Sree Narayana Nagar,3,1358.0,3.0,6168375.0
KR Puram,3,1559.0,3.0,8308086.666666666
Billekahalli,3,2400.0,3.0,17602000.0
Kodigehaali,2,1117.0,2.0,4837500.0
Hennur,2,1255.0,2.0,5504431.766212981
Ittamadu,5,1200.0,4.0,11194500.0
Vijinapura,2,1290.0,2.0,7090018.333333332
Uttarahalli,3,1345.0,2.0,5842930.0
Bagalakunte,2,1200.0,4.0,14432000.0
Akshaya Nagar,3,1476.0,3.0,8375140.0
 Rachenahalli,1,440.0,1.0,2061960.0
Thigalarapalya,3,2072.0,4.0,15480622.60982482
Bhuvaneshwari Nagar,2,1100.0,2.0,5272950.0
Chikkalasandra,5,1000.0,4.0,11377500.0
Anekal,2,1200.0,1.0,3618200.0
Peenya,2,708.0,1.0,3781956.166666666
Vasanth nagar,6,2295.0,3.0,25059783.333333336
Kudlu,4,2100.0,3.0,13508523.809523812
Chikkabanavar,2,1067.0,2.0,5046916.666666667
Maruthi Sevanagar,4,2000.0,3.0,12084500.0
Bellandur,2,1201.0,2.0,5831141.666666668
Bellandur,2,1251.0,2.0,5935735.476190478
Kambipura,3,1082.0,2.0,5588169.047619049
Marathahalli,2,1270.0,2.0,6761748.333333332
Mylasandra,1,500.0,2.0,2229046.6666666665
Kammanahalli,4,2900.0,4.0,23769000.0
Chikkalasandra,3,1428.0,2.0,7318652.5
Chamrajpet,3,1565.0,3.0,9132522.222222222
7th Phase JP Nagar,3,1400.0,3.0,8239620.0
Hennur Road,2,1040.0,2.0,5165198.333333334
Anandapura,2,1200.0,2.0,5569419.047619048
Tindlu,2,1050.0,2.0,4704623.75
Whitefield,5,3453.0,4.0,49942000.0
Kothanur,2,1142.0,2.0,5534750.0
Kengeri Satellite Town,4,650.0,2.0,7966000.0
Sarjapur  Road,3,1700.0,3.0,12060111.946386948
Ramamurthy Nagar,5,3500.0,5.0,30152000.0
Hegde Nagar,3,1569.0,3.0,10505333.333333334
Hennur Road,3,2002.0,3.0,12464166.666666668
Ramakrishnappa Layout,3,2770.0,3.0,28558750.0
BTM Layout,6,3300.0,6.0,18315000.0
Whitefield,2,1400.0,2.0,8908973.333333334
Electronics City Phase 1,2,1175.0,2.0,6494035.333333334
Hennur Road,2,1030.0,2.0,5227962.500000001
Marsur,3,1000.0,4.0,11114000.0
Electronic City,2,1250.0,2.0,6549697.619047618
Yelahanka,2,870.0,2.0,3886420.0
Thanisandra,3,1690.0,3.0,11019519.603174604
Hebbal Kempapura,3,1466.0,2.0,8189720.0
Domlur,3,1540.0,3.0,7910515.833333334
Yelahanka,3,1835.0,3.0,10184775.0
Ambalipura,3,1817.0,3.0,11908775.333333336
8th Phase JP Nagar,1,500.0,1.0,2659556.6666666665
Kengeri Satellite Town,2,635.0,1.0,2612263.3333333335
Kundalahalli Colony,2,1280.0,2.0,6393866.666666666
Govindaraja Nagar Ward,2,840.0,2.0,3310763.4126984123
Whitefield,2,1205.0,2.0,7186336.463100749
Kodigehaali,2,1166.0,2.0,4812323.333333333
Hongasandra,2,1180.0,2.0,5608500.0
Whitefield,2,1200.0,2.0,7186336.463100749
Kodbisanhalli,2,1012.0,2.0,5936100.0
Kanakpura Road,2,1332.0,2.0,9288921.0
Garudachar Palya,3,1320.0,2.0,6274370.0
Varthur,2,674.0,1.0,2862442.380952381
Dodda Nekkundi,2,1260.0,2.0,5800190.0
Mallasandra,3,1665.0,3.0,8957011.428571427
Kanakpura Road,3,1050.0,2.0,5424428.832866481
Akshya Nagar,2,1380.0,2.0,8096300.0
Kammanahalli,4,1600.0,4.0,12948766.666666668
Vyalikaval,2,1100.0,2.0,5267950.0
Jalahalli,3,980.0,2.0,5643690.0
NRI Layout,5,2500.0,5.0,11672916.666666664
HSR Layout,4,2500.0,4.0,16851509.523809522
Marathahalli,5,2500.0,3.0,11607500.0
Ilyas Nagar,4,600.0,3.0,7465750.0
Varsova Layout,6,7000.0,6.0,66560000.0
Raja Rajeshwari Nagar,2,1400.0,2.0,6151031.61904762
Raja Rajeshwari Nagar,2,1143.0,2.0,4376051.944444444
Vijayanagar,2,1200.0,2.0,6123822.857142857
Kodbisanhalli,4,4800.0,5.0,41988500.0
Doddathoguru,2,1105.0,2.0,4152000.0000000005
Chellikere,2,1088.0,2.0,4673204.333333334
Kumarapalli,3,1488.0,2.0,7221198.333333334
Koramangala,2,1084.0,2.0,8468985.0
Thigalarapalya,2,1418.0,2.0,10324797.113997117
Kenchenahalli,3,480.0,3.0,6785600.0
Hennur Road,3,1482.0,2.0,8442887.17857143
Whitefield,2,1140.0,2.0,7238175.238095238
Haralur Road,3,2017.0,2.0,14552180.0
Battarahalli,2,1090.0,2.0,4621404.833333333
Kothnoor Dinne,2,1200.0,2.0,5297615.714285715
Shikaripalya,2,1025.0,2.0,4363855.833333334
Sarjapura - Attibele Road,5,3750.0,6.0,29885500.0
Bisuvanahalli,3,1080.0,2.0,5095447.277722279
Poorna Pragna Layout,2,1160.0,2.0,4754010.0
Sarjapur  Road,2,1067.0,2.0,5859390.0
Thigalarapalya,2,1418.0,2.0,10324797.113997117
Balagere,2,1210.0,2.0,7983821.03174603
Sarjapur  Road,3,1846.0,3.0,14328142.857142858
Sarjapur  Road,2,1320.0,2.0,8121483.333333332
Nrupathunga Nagar,7,1200.0,5.0,16479000.0
Lakshminarayana Pura,3,3050.0,2.0,19107000.0
Iblur Village,3,2666.0,4.0,21015250.0
JP Nagar,2,1300.0,2.0,8185930.0
Balaji Gardens Layout,1,825.0,2.0,3842431.666666667
Nallurhalli,2,1250.0,2.0,6010094.285714285
Singanayakanahalli,3,1500.0,2.0,8264398.859579963
Whitefield,3,2225.0,3.0,15760333.333333332
Hebbal Kempapura,4,1200.0,3.0,12965150.0
Sarjapur  Road,2,1320.0,2.0,8121483.333333332
Sompura,4,2150.0,3.0,16288293.333333336
S R Layout,2,1096.0,2.0,4206820.0
Banashankari Stage III,3,1480.0,3.0,8153490.0
Jp nagar 8th Phase .,10,12000.0,12.0,130570000.0
Gottigere,2,1170.0,2.0,5007760.0
Dodda Nekkundi,2,1148.0,2.0,5227370.0
Cox Town,2,1280.0,2.0,9760323.333333332
Harlur,3,1755.0,3.0,12016263.095238091
Begur Road,2,1215.0,2.0,4199813.783258408
P&T Layout,2,935.0,2.0,4263688.047619048
Uttarahalli,3,1590.0,3.0,10006023.333333332
Kudlu,2,1162.0,2.0,5530146.666666668
Whitefield,2,1240.0,2.0,7696735.384004883
Jigani,2,918.0,2.0,5218785.107115108
Nagappa Reddy Layout,2,1100.0,2.0,5267950.0
Varthur,2,986.0,2.0,4645226.666666667
Veerannapalya,2,950.0,2.0,4455620.0
Lingadheeranahalli,3,1530.0,2.0,7705648.402342754
Margondanahalli,2,1140.0,2.0,4973994.507326008
Kattigenahalli,7,4100.0,7.0,14122000.0
Balagere,2,1205.0,2.0,7708118.507936508
Whitefield,2,1355.0,3.0,6792646.666666666
Bisuvanahalli,2,945.0,2.0,4603021.666666667
Yelahanka New Town,2,860.0,1.0,4532363.333333334
Whitefield,4,2155.0,3.0,15683793.33333333
Sarjapur  Road,2,1115.0,2.0,6026000.0
Horamavu Agara,2,755.0,2.0,3754973.7619047617
Kodigehaali,4,1200.0,4.0,11855000.0
Maragondanahalli,2,720.0,2.0,3383452.5
Raja Rajeshwari Nagar,2,1100.0,2.0,5269460.0
Richmond Town,3,1100.0,2.0,6249476.515151515
7th Phase JP Nagar,8,1200.0,8.0,16745500.0
Hennur Road,2,1232.0,2.0,7699678.278049827
Begur Road,2,1160.0,2.0,4013769.7210742487
Basaveshwara Nagar,8,1230.0,6.0,14484000.0
1st Stage Indira Nagar,4,3000.0,4.0,28068000.0
Rajaji Nagar,2,1718.0,3.0,25202750.0
Kasavanhalli,2,1200.0,2.0,5113683.571428571
Ramamurthy Nagar,4,886.0,4.0,8787000.0
Kengeri,2,1160.0,2.0,5184565.0
7th Phase JP Nagar,2,1130.0,2.0,6860000.0
Vasantha Vallabha Nagar,3,1600.0,3.0,8981833.333333334
Vidyaranyapura,2,1188.0,2.0,5111243.233082706
Raja Rajeshwari Nagar,3,1560.0,2.0,7987700.0
Jalahalli,2,1083.0,2.0,3959664.1428571427
Amblipura,3,1300.0,2.0,5983516.785714285
Whitefield,2,1125.0,2.0,7238470.0
Yeshwanthpur,5,850.0,4.0,9701000.0
Electronic City,3,1320.0,2.0,6211628.333333334
Jigani,3,1221.0,3.0,7140190.0
Jigani,2,914.0,2.0,4976936.571761573
Haralur Road,2,1140.0,2.0,4519454.906204906
Whitefield,2,1140.0,2.0,7238175.238095238
Doopanahalli,3,1625.0,3.0,9123561.666666666
Hormavu,3,1365.0,2.0,6557720.833333335
Kanakpura Road,3,1610.0,2.0,9661033.333333334
Horamavu Agara,2,1213.0,2.0,4847593.333333333
Cholanayakanahalli,3,1370.0,2.0,7031770.0
Sarjapur,3,3009.0,3.0,22815166.66666667
Hormavu,2,1310.0,2.0,5901608.333333334
Poorna Pragna Layout,2,920.0,2.0,4024781.714285714
Karnataka Shabarimala,4,1200.0,6.0,13712500.0
Kengeri Satellite Town,4,4100.0,3.0,38197011.9047619
7th Phase JP Nagar,3,1370.0,2.0,8905566.666666668
Akshya Nagar,3,1320.0,2.0,6026204.285714285
Daadys Gaarden Layout,3,1740.0,3.0,11028342.857142858
SK Garden,6,1850.0,3.0,13126607.142857142
Marathahalli,2,1200.0,2.0,7447655.158730161
Sarjapur  Road,2,1019.0,2.0,5973038.333333334
JP Nagar,2,1250.0,2.0,8974350.952380953
TC Palaya,3,1200.0,3.0,7086213.785714286
Cox Town,3,1730.0,3.0,11459133.333333332
Whitefield,3,1740.0,3.0,10736951.666666668
Anekal,2,1035.0,2.0,4761553.809523809
Budigere,3,1636.0,3.0,8703617.0
Kanakpura Road,3,1450.0,3.0,7224549.76190476
Vadarpalya,3,1750.0,3.0,11634283.333333332
BTM Layout,3,1470.0,2.0,8306280.0
OLd Gurappanapalya,3,1250.0,3.0,4191959.9999999995
Uttarahalli,3,1560.0,3.0,8850836.666666666
Devanahalli,4,2400.0,5.0,15237452.380952382
Vijayanagar,3,1520.0,2.0,10995952.11951447
Bhoganhalli,2,1205.0,2.0,6591376.666666666
Bhoganhalli,2,910.2,2.0,5756076.666666666
2nd Phase Judicial Layout,2,1150.0,2.0,4364864.583333334
Neelasandra,4,1140.0,3.0,12908140.0
Vidyaranyapura,3,1440.0,2.0,8213542.166666666
Chandapura,3,1162.5,,6093610.0
Indira Nagar,4,2400.0,5.0,60744833.33333333
Hennur Road,3,1933.0,3.0,12585500.0
Whitefield,2,1200.0,2.0,7186336.463100749
Vittasandra,2,1404.0,2.0,7008703.293650793
Electronic City,2,1165.0,2.0,5594157.472943723
Haralur Road,3,1850.0,3.0,11194000.0
Haralur Road,2,1225.0,2.0,7051630.215007217
Hennur Road,2,1359.0,2.0,6697334.333333334
Harlur,2,1225.0,2.0,7380651.118326118
Thanisandra,3,1370.0,2.0,7021870.0
Balagere,1,675.0,1.0,3575632.13095238
Hormavu,2,1310.0,2.0,5901608.333333334
Balagere,2,1007.0,2.0,6707635.238095238
Mysore Road,3,1340.0,2.0,5749948.0
Kothannur,2,1070.0,2.0,4567885.666666667
Yelahanka,3,1620.0,3.0,10064900.0
6th block Koramangala,3,2350.0,3.0,21446890.0
Kothanur,4,1140.0,4.0,16268500.0
Kanakpura Road,1,525.0,,2783428.244047619
Rajiv Nagar,4,2330.0,5.0,14400666.19047619
EPIP Zone,3,2210.0,3.0,18336366.666666664
KR Puram,4,3000.0,4.0,24834000.0
Marathahalli,3,1530.0,3.0,8356540.416666668
Sarjapur  Road,3,1814.0,3.0,11602023.333333336
Bharathi Nagar,2,1384.0,2.0,8124133.333333332
Hegde Nagar,3,1801.0,3.0,11343160.0
Mico Layout,2,1190.0,2.0,4809508.77463266
Peenya,5,1440.0,5.0,13151000.0
Haralur Road,2,1027.0,2.0,4387440.032190033
Banashankari,3,3580.0,3.0,27936000.0
Pai Layout,2,1400.0,2.0,7267548.333333334
Adityanagar,5,875.0,5.0,10094900.0
CV Raman Nagar,2,1040.0,2.0,4910224.166666667
Whitefield,2,1270.0,2.0,10562001.587301588
Harlur,2,1200.0,2.0,7456651.118326118
Binny Pete,3,1282.0,3.0,13206625.0
Whitefield,3,1870.0,3.0,13812750.0
Kodathi,2,829.0,2.0,3472336.666666667
Mahadevpura,2,1192.0,2.0,5246012.27463266
Hormavu,2,1180.0,2.0,5588730.0
Begur Road,2,1160.0,2.0,4013769.7210742487
Marathahalli,2,1360.0,2.0,9328090.0
Electronic City Phase II,2,911.0,2.0,3302066.666666666
R.T. Nagar,9,1200.0,10.0,16349500.0
Marathahalli,3,1350.0,3.0,8160000.0
TC Palaya,3,1200.0,2.0,6607044.64842928
Bellandur,3,1767.0,3.0,10446644.583333332
Kathreguppe,8,1200.0,8.0,14944500.0
7th Phase JP Nagar,4,2503.0,4.0,17080509.523809522
Sarjapur  Road,2,1367.0,2.0,7693043.333333332
Yelahanka,2,1362.0,2.0,7820370.0
TC Palaya,2,1200.0,2.0,6615395.634920635
Budigere,3,1636.0,3.0,8703617.0
Kasavanhalli,2,1230.0,2.0,5968260.0
Rajaji Nagar,3,1640.0,3.0,24429915.079365086
Gopalapura,4,3179.0,5.0,39619928.571428575
Hegde Nagar,3,1584.01,3.0,10257800.0
Sarjapur  Road,3,1525.0,2.0,8865601.960784314
Badavala Nagar,2,1274.0,2.0,8595621.42857143
Rajaji Nagar,3,2300.0,3.0,19283041.904761907
Malleshwaram,3,2475.0,4.0,32387964.213564213
Bisuvanahalli,2,845.0,2.0,3364862.3015873022
Haralur Road,4,2805.0,4.0,24427685.714285716
Ashwathnagar,3,2204.0,2.0,15796000.0
Whitefield,3,1396.0,3.0,7628951.904761905
Hennur Road,3,2047.0,3.0,12781583.333333336
Kudlu,2,1143.0,2.0,5305196.80952381
Whitefield,3,1200.0,3.0,6835362.619047619
Kanakpura Road,2,2200.0,2.0,12836400.0
Anekal,2,888.0,2.0,4007634.583333333
3rd Phase Iti Layout,2,1145.0,2.0,5238579.365079366
Whitefield,2,1250.0,2.0,7733076.930555555
Hormavu,2,1018.0,2.0,4453725.833333333
Sahakara Nagar,2,1180.0,2.0,5778825.238095238
Wajid layout thanisandra,4,3000.0,5.0,26167566.66666667
Whitefield,4,5000.0,4.0,45006000.0
Hennur Road,2,1165.0,2.0,5455216.666666668
Jalahalli,1,600.0,1.0,4047775.0
ISRO Layout,2,1000.0,2.0,5547375.0
Begur Road,3,1410.0,2.0,5526643.500000001
Whitefield,2,1216.0,2.0,7686999.553863486
RK Colony,9,1200.0,9.0,15271000.0
Babusapalaya,3,1213.0,2.0,8462450.0
Tejaswini Nagar,3,1560.0,3.0,8313836.666666666
Himagiri Meadows,4,1350.0,4.0,15074000.0
Attibele,2,1200.0,2.0,5297615.714285715
Lingadheeranahalli,3,1894.0,4.0,12616000.0
9th Phase JP Nagar,1,600.0,1.0,3297155.0
Konanakunte,9,1590.0,6.0,14675000.0
Banashankari,2,1200.0,2.0,5776002.857142857
Yelahanka,6,1200.0,5.0,16544500.0
Kanakapura,2,1020.0,2.0,5630400.666666666
Whitefield,3,4800.0,4.0,44787000.0
Whitefield,2,1096.0,2.0,5094770.0
Yeshwanthpur,3,1852.0,3.0,13844305.555555556
Chandapura,3,1208.51,3.0,5474616.666666668
Malleshpalya,2,1421.0,2.0,7456422.666666668
Hulimavu,4,2000.0,4.0,11259750.0
Nelamangala,4,1470.0,4.0,13351900.0
Babusapalaya,2,1084.0,2.0,4481372.0
Banashankari Stage III,3,1305.0,2.0,5891631.785714285
Pampa Extension,2,993.0,2.0,4315098.333333334
Kothanur,2,1185.0,2.0,5800896.666666668
Jigani,3,1300.0,3.0,6357580.0
Kothannur,2,1197.0,2.0,5543591.792717086
Whitefield,2,1109.0,2.0,6735696.666666666
OMBR Layout,4,3400.0,4.0,23377000.0
8th Phase JP Nagar,6,1200.0,6.0,18609333.333333332
Silver Springs Layout,3,1550.0,2.0,8023141.904761905
Marathahalli,2,1102.0,2.0,5418970.0
Lakshminarayana Pura,3,1750.0,3.0,13528816.666666664
Uttarahalli,2,1101.0,2.0,5305549.166666667
Somasundara Palya,2,1186.0,2.0,7072140.0
Ramamurthy Nagar Extension,2,1185.0,2.0,5004662.952380952
Bannerghatta Road,3,1427.0,2.0,7557510.0
Kambipura,3,1082.0,2.0,5588169.047619049
Hormavu,2,1065.0,2.0,4827305.000000001
Babusapalaya,2,1141.0,2.0,4738364.666666666
Harlur,4,3385.0,4.0,23451000.0
Kempegowda Nagar,3,1665.0,3.0,9092668.095238095
Hanuman Nagar,3,2072.0,3.0,12718916.666666668
5th Phase JP Nagar,2,1390.0,2.0,7646085.0
Chamundi Nagar,7,2800.0,7.0,11265000.0
Ashwini layout,1,834.0,1.0,5276150.0
Lakshmi Layout,4,600.0,5.0,7357500.0
Basaveshwara Nagar,2,1180.0,2.0,6380623.333333332
Sarjapur  Road,3,2238.0,3.0,19385583.33333333
Babusapalaya,3,1410.0,2.0,5961174.0
Whitefield,2,1180.0,2.0,7368150.000000001
Harlur,3,1620.0,3.0,9171630.0
Gubbalala,3,1745.0,3.0,11367120.743145745
Hebbal,4,2790.0,4.0,27355685.714285716
Bannerghatta Road,2,892.0,2.0,4490053.333333334
Marathahalli,3,1130.0,2.0,6156781.666666668
Kadugodi,3,1900.0,3.0,13315416.666666668
Lake City,2,780.0,2.0,3269155.0
Nagarbhavi,3,1400.0,2.0,7175645.0
Hosa Road,3,1513.0,3.0,10627499.999999998
Seshadripuram,2,1217.0,2.0,7557390.0
7th Phase JP Nagar,2,1035.0,2.0,4150350.6190476185
Whitefield,3,3850.0,5.0,35180666.66666667
Konanakunte,3,2791.0,3.0,25336000.0
 south,4,3420.0,3.0,23241500.0
Bhoganhalli,3,1458.0,3.0,7632726.666666666
Marsur,3,715.0,2.0,4611525.0
Banashankari Stage I,5,3000.0,4.0,27371000.0
4th T block Jayanagar,3,2100.0,3.0,13414666.666666664
Chamrajpet,2,1350.0,2.0,7818513.333333334
Pattandur Agrahara,2,797.0,2.0,3383148.5714285714
Marathahalli,3,1583.0,3.0,10796797.976190476
Kumarapalli,3,1488.0,2.0,7221198.333333334
Kothannur,3,1215.0,2.0,4716780.0
Hennur Road,3,1192.0,2.0,6339543.431372548
Chikkathoguru,2,1045.0,2.0,4843350.0
7th Phase JP Nagar,2,1050.0,2.0,5978679.523809525
Sarjapur  Road,2,1044.0,2.0,5778925.0
Kaggalipura,2,950.0,2.0,5374572.885447885
Sanjeevini Nagar,3,2820.0,3.0,21944000.0
Marathahalli,4,3855.0,4.0,33582250.0
Vishveshwarya Layout,4,600.0,4.0,8923000.000000002
Hebbal,3,2600.0,3.0,19976500.0
Hosa Road,1,615.0,1.0,4241975.0
Sanjay nagar,3,1500.0,3.0,8534606.666666668
Sarjapur  Road,3,1939.0,3.0,11388666.666666668
Sarjapur,2,925.0,2.0,3310306.666666667
CV Raman Nagar,2,1225.0,2.0,4692795.0
Victoria Layout,2,1300.0,2.0,10323960.0
Hennur Road,3,2060.0,3.0,13667583.333333332
Anekal,1,456.0,1.0,1542200.0
2nd Block Bel Layout,3,1625.0,3.0,9121165.0
Electronic City,2,1125.0,2.0,5956987.632521503
Jakkur,3,1858.0,3.0,12561666.666666664
Austin Town,1,600.0,2.0,3255615.0
Sri Balaji Krupa Layout,4,1750.0,4.0,16369750.0
Yeshwanthpur,3,1860.0,3.0,13641157.142857146
Hoodi,2,1259.0,2.0,6340254.0476190485
Electronic City,2,995.0,2.0,4908966.19047619
Kanakpura Road,4,2775.0,3.0,22639164.65201465
R.T. Nagar,2,1200.0,2.0,7368750.0
Harlur,3,1750.0,3.0,11795186.904761905
8th Phase JP Nagar,4,1200.0,4.0,20799583.333333332
Electronic City Phase II,2,829.0,2.0,3458411.666666667
Hoodi,2,1400.0,2.0,7806793.333333334
Ramamurthy Nagar,2,1101.0,2.0,6458916.666666668
Nehru Nagar,3,2167.0,3.0,18132666.666666668
JP Nagar,3,2500.0,3.0,17235000.0
8th block Koramangala,4,1650.0,3.0,14360933.333333336
Garudachar Palya,4,4500.0,5.0,41202583.33333333
Gottigere,3,1493.0,2.0,7743915.8008658
Whitefield,3,1200.0,3.0,6835362.619047619
Venkatapura,1,416.0,1.0,1889010.0
Laggere,7,1590.0,9.0,15162000.0
Kumbhena Agrahara,6,1200.0,5.0,14475500.0
Abbigere,2,1130.0,2.0,5168969.666666667
Nagarbhavi,1,300.0,1.0,2237810.0
KR Puram,4,2065.0,4.0,13139983.214497922
Whitefield,3,2280.0,4.0,17736033.333333336
Vijayanagar,1,492.0,1.0,2018145.238095238
Kundalahalli,3,1500.0,3.0,9833656.666666668
Whitefield,2,1170.0,2.0,7290190.0
Rajarajeshwari Nagara,3,1410.0,2.0,5980204.0
Dasarahalli,7,2400.0,3.0,24529000.0
Siddapura,4,14000.0,3.0,139591000.0
2nd Stage Nagarbhavi,3,600.0,4.0,10539000.0
Kudlu Gate,3,1432.0,2.0,7848072.5
TC Palaya,2,1000.0,2.0,5911000.0
Yeshwanthpur,3,1713.0,3.0,12310356.212121211
Bellandur,7,700.0,8.0,8952000.0
Kodathi,2,850.0,2.0,3138475.0
Hongasandra,2,1065.0,2.0,4843425.000000001
Brookefield,2,1142.0,2.0,6019734.666666668
Bommasandra Industrial Area,3,1400.0,2.0,7195645.0
Hennur Road,3,1305.0,2.0,9408426.785714285
Nanjappa Garden,2,1275.0,2.0,5953485.0
Old Madras Road,3,1425.0,2.0,7183900.0
Bileshivale,4,5400.0,4.0,39024000.0
Brookefield,3,1746.0,3.0,12191771.428571431
Mahadevpura,2,1260.0,2.0,5866865.0
Rajaji Nagar,5,900.0,4.0,10141800.0
Kaval Byrasandra,2,1100.0,2.0,5240950.0
9th Phase JP Nagar,4,5000.0,4.0,42080500.0
Thanisandra,3,1265.0,2.0,7595068.571428572
Cambridge Layout,4,1600.0,3.0,22543183.33333333
Varanasi,2,1334.0,2.0,7569323.0
Bannerghatta Road,2,1206.0,2.0,5951835.0
Begur Road,3,1444.0,2.0,7686133.0
Nyanappana Halli,2,1140.0,2.0,4743774.507326008
Geddalahalli,5,1200.0,3.0,12491000.0
Kasavanhalli,3,1646.0,3.0,9691410.0
Bellandur,2,1049.0,2.0,7063000.0
Raja Rajeshwari Nagar,2,1240.0,2.0,5060540.0
TC Palaya,3,1600.0,2.0,9381060.0
Kothannur,2,1070.0,2.0,4567885.666666667
Malleshwaram,3,2475.0,4.0,32387964.213564213
Bannerghatta Road,2,1275.0,2.0,6859240.0
Yelahanka,2,1445.0,2.0,8287728.0
Kodichikkanahalli,3,1190.0,2.0,5356672.378740969
Guni Agrahara,7,1200.0,6.0,15347000.0
Akshaya Nagar,3,1690.0,3.0,9136162.5
Dasarahalli,3,1901.0,3.0,12889416.666666664
8th Phase JP Nagar,4,1200.0,3.0,13215381.666666664
Byrathi Village,4,900.0,3.0,7035250.0
Whitefield,2,1270.0,2.0,10562001.587301588
Sarjapur  Road,2,1115.0,2.0,6026000.0
Yelahanka,3,1600.0,2.0,9479340.0
Thanisandra,2,1276.0,2.0,7892428.571428572
Friends Colony,2,1035.0,2.0,4761553.809523809
Malleshwaram,3,2520.0,3.0,33286393.073593076
Sarjapur  Road,4,3900.0,4.0,36373000.0
Uttarahalli,2,1150.0,2.0,5415720.119047618
Cottonpet,4,971.0,2.0,10684640.0
Kalena Agrahara,3,1510.0,3.0,8084280.0
mvj engineering college,3,1200.0,3.0,7086213.785714286
Binny Pete,3,1282.0,3.0,13206625.0
Electronic City Phase II,2,545.0,1.0,2938028.57142857
Kodichikkanahalli,2,1060.0,2.0,4677730.0
Tejaswini Nagar,3,1410.0,2.0,5947383.333333332
Hulimavu,4,1500.0,4.0,10034450.0
Lakshminarayana Pura,3,1656.0,3.0,14718920.0
Frazer Town,3,1900.0,4.0,14034666.666666668
Sarjapur  Road,2,1026.0,2.0,5944883.333333334
R.T. Nagar,3,1140.0,3.0,11010870.0
Ckikkakammana Halli,2,902.0,2.0,4504200.0
Banashankari Stage VI,3,1410.5,2.0,6021324.0
Koramangala,3,1744.0,3.0,17305833.333333332
Mysore Road,2,883.0,2.0,4335674.047619047
Whitefield,2,1220.0,2.0,7686999.553863486
Whitefield,3,1704.0,3.0,11965157.476190476
Hennur,2,1255.0,2.0,5504431.766212981
Geddalahalli,2,893.0,2.0,3858151.25
Haralur Road,2,1300.0,2.0,7002928.571428572
Roopena Agrahara,3,1215.0,2.0,4960710.0
Vittasandra,2,1238.0,2.0,6624728.976608187
Kaval Byrasandra,2,997.0,2.0,5078441.666666667
R.T. Nagar,2,1100.0,2.0,6228750.0
Attibele,1,450.0,1.0,1376500.0
Raja Rajeshwari Nagar,3,1288.0,2.0,5727837.31060606
Ashirvad Colony,2,1100.0,2.0,5267950.0
Maruthi Sevanagar,2,950.0,2.0,4803988.333333334
Rajaji Nagar,2,1440.0,2.0,16089362.857142858
Shetty Halli,1,800.0,1.0,3595125.0
Shauhardha Layout,1,509.0,1.0,2351790.0
Bannerghatta Road,2,1270.0,2.0,7008526.666666666
Uttarahalli,3,1650.0,2.0,9296285.0
Kaggadasapura,3,1500.0,2.0,7748176.58685269
Hormavu,2,1150.0,2.0,5525500.0
Budigere,2,1153.0,2.0,5872906.666666666
Yelahanka,6,3600.0,6.0,14193250.0
Electronics City Phase 1,2,940.0,2.0,6504541.666666668
Whitefield,3,1840.0,3.0,12740500.0
Thigalarapalya,4,3362.0,5.0,26399078.846153844
Malleshwaram,3,2050.0,4.0,22463826.393051397
Rachenahalli,2,985.0,2.0,5021061.999999999
Anand nagar,2,1200.0,2.0,5297615.714285715
Whitefield,1,640.0,1.0,3449736.8095238097
Basaveshwara Nagar,3,1200.0,3.0,7308213.785714286
Nagashetty Halli,4,16335.0,4.0,144140000.0
Rajaji Nagar,2,1268.0,2.0,10830883.333333336
Bellandur,3,1735.0,3.0,11871276.190476188
Hennur Road,2,973.0,2.0,4968620.0
Kasavanhalli,3,1494.0,3.0,8398000.0
8th Phase JP Nagar,3,1230.0,2.0,5405600.0
Bannerghatta Road,3,1655.0,2.0,10962465.0
Whitefield,2,1346.0,2.0,9082750.0
KG Halli,1,375.0,1.0,2085110.0
Banashankari,2,1020.0,2.0,4261594.166666667
Hosakerehalli,4,3205.0,5.0,34672500.0
Thanisandra,2,1220.0,2.0,6152441.666666668
Yelachenahalli,3,1400.0,2.0,7280645.0
Crimson Layout,2,1250.0,2.0,5940594.285714285
Ramamurthy Nagar,2,1200.0,2.0,6349769.119769119
Kenchenahalli,3,1720.0,3.0,11526731.666666664
Nagavarapalya,2,1134.0,2.0,4719643.333333334
EPIP Zone,2,1330.0,2.0,9040264.0
KR Puram,2,1040.0,2.0,4494941.666666666
Harsha Layout,1,450.0,1.0,1951660.0
Basavangudi,3,2300.0,3.0,21896666.66666667
Kundalahalli,3,1496.0,2.0,7917772.229437227
R.T. Nagar,2,1040.0,2.0,6354308.333333334
Talaghattapura,3,2038.5,3.0,12546000.0
Bellandur,2,1170.0,2.0,4888500.000000001
Whitefield,2,1024.0,2.0,4842610.833333334
Sahakara Nagar,3,2200.0,3.0,16406833.333333332
Yelachenahalli,4,900.0,2.0,10402820.0
Medahalli,3,1065.0,3.0,6746937.5
Ngef Layout,4,2100.0,3.0,13508523.809523812
Electronic City Phase II,2,1069.0,2.0,4054928.845238095
Mahadevpura,2,1058.0,2.0,4666160.0
Banashankari,2,1020.0,2.0,4261594.166666667
Electronics City Phase 1,3,2040.0,3.0,13272083.333333332
1st Phase JP Nagar,2,1566.0,2.0,7731990.0
Bhoganhalli,3,1700.0,3.0,11485378.571428573
6th Phase JP Nagar,2,1170.0,2.0,5590876.666666668
Whitefield,4,2856.0,5.0,20644333.333333336
Kanakapura Road,3,1950.0,3.0,12584420.0
Hebbal,2,1299.0,2.0,10077208.0
Harlur,2,1197.0,2.0,7880210.858585859
Whitefield,2,1074.0,2.0,5579246.153846154
Ananth Nagar,1,500.0,1.0,1530500.0
Sadashiva Nagar,4,3500.0,4.0,36523900.0
Thanisandra,2,1460.0,2.0,7125940.0
Bellandur,2,1410.0,3.0,7641040.0
Indira Nagar,2,1475.0,2.0,13902990.0
Ramanagara Channapatna,4,1200.0,2.0,11405000.0
Upadhyaya Layout,3,1300.0,2.0,5983516.785714285
Rajaji Nagar,4,6500.0,5.0,79305833.33333333
Whitefield,4,2400.0,5.0,22374335.714285713
Haralur Road,2,1027.0,1.0,4905408.694083694
Jai Bheema Nagar,3,1470.0,2.0,8306280.0
Lingadheeranahalli,3,1683.0,3.0,13115651.190476188
Sai Gardens,2,1339.0,2.0,7382110.476190477
Talaghattapura,3,2265.0,3.0,15481091.666666668
Kothanur,3,1435.0,3.0,7286130.0
Nagadevanahalli,2,1090.0,2.0,4351954.833333333
Vishwapriya Layout,2,1235.0,2.0,5589749.545454545
Dodda Nekkundi,2,850.0,2.0,3138475.0
Giri Nagar,1,600.0,1.0,3341355.0
Electronic City Phase II,2,1020.0,2.0,2858629.1904761903
Dasarahalli,2,1220.0,2.0,5526780.0
1st Block Jayanagar,4,2400.0,4.0,27477702.38095238
Uttarahalli,3,1285.0,2.0,5981490.0
Vittal Nagar,2,1000.0,2.0,4907925.0
KR Puram,2,1035.0,2.0,4166076.666666666
Kammasandra,2,810.0,2.0,2948910.0
 Devarachikkanahalli,3,1417.0,2.0,6895566.666666668
Abbigere,8,3000.0,8.0,14676000.0
Hosakerehalli,3,1795.0,3.0,12084166.666666664
Kaggadasapura,2,1132.0,2.0,4758067.333333334
Nallurhalli,2,1100.0,2.0,5267950.0
Raja Rajeshwari Nagar,2,1196.0,2.0,4325601.581279833
Shree Ananth Nagar Layout,2,1154.0,2.0,5001647.333333333
Haralur Road,2,1140.0,2.0,4519454.906204906
5th Stage BEML Layout,3,2000.0,3.0,9270000.0
1st Block HBR Layout,4,3150.0,4.0,25125857.14285714
Electronic City,3,1025.0,2.0,5051920.952380952
Sarjapur  Road,3,1787.0,3.0,12117000.0
Kathriguppe,3,1300.0,3.0,7759029.999999999
Amruthahalli,3,2650.0,4.0,20406083.333333332
Mallappa Layout,3,1500.0,3.0,8534606.666666668
Marathahalli,3,1350.0,2.0,6858194.666666666
Koramangala,3,1745.0,3.0,17493883.333333332
Yeshwanthpur,2,1277.5,2.0,6090693.333333332
Vittasandra,2,1246.0,2.0,6637257.9162901165
"Off Sarjapur Road, ",3,1518.0,3.0,8374337.5
Sarjapur  Road,3,1819.0,3.0,11140000.0
KR Puram,2,1150.0,2.0,5009574.583333334
Jalahalli,1,612.5,1.0,4483500.0
Raja Rajeshwari Nagar,2,1240.0,2.0,5060540.0
Brookefield,4,3532.0,3.0,25742066.666666664
Cooke Town,3,1850.0,3.0,12893357.142857142
Panathur,2,1125.0,2.0,5206269.285714286
Somasundara Palya,3,1575.0,3.0,9162873.80952381
Electronic City,2,1070.0,2.0,5648602.861860361
Shanti Nagar,2,420.0,1.0,2092053.3333333335
Jigani,2,914.0,2.0,4976936.571761573
Kathriguppe,3,1335.0,2.0,7081484.666666666
Mysore Road,2,1170.0,2.0,6061066.666666668
Horamavu Agara,3,1453.0,2.0,8192898.333333332
Kanakpura Road,2,700.0,2.0,4029279.365079365
Yeshwanthpur,4,1200.0,4.0,15397500.0
Thigalarapalya,2,1418.0,2.0,10324797.113997117
Hebbal,3,3500.0,3.0,28850500.0
Sarjapur,4,3300.0,4.0,29740500.0
Channasandra Layout,5,3100.0,6.0,31333209.523809522
Langford Town,3,912.0,2.0,4118800.952380953
Hormavu,2,1165.0,2.0,5094970.0
Electronic City,3,1350.0,3.0,6930000.0
Hosakerehalli,3,1817.0,4.0,12106370.0
Old Madras Road,3,1350.0,3.0,6755000.0
Thanisandra main road,4,4110.0,4.0,46388428.57142857
Banashankari,3,1770.0,3.0,11394814.821428573
Billekahalli,2,1125.0,2.0,5837296.111111112
Ananth Nagar,1,500.0,1.0,1530500.0
Thubarahalli,3,1242.0,3.0,7044605.0
Avalahalli,2,1053.0,2.0,4752033.75
Domlur,1,640.0,1.0,5797128.333333334
Whitefield,3,1738.0,2.0,9609710.0
 Thanisandra,1,510.0,1.0,2494000.0
Hoodi,2,1225.0,2.0,5071090.0
Hebbal,2,1440.0,2.0,9897916.333333332
Kereguddadahalli,2,800.0,2.0,3411090.0
Ambalipura,3,1800.0,3.0,10355866.666666666
Uttarahalli,3,1265.0,2.0,6419400.0
Lakshmi Layout,9,900.0,10.0,11795000.0
Bommasandra Industrial Area,2,1130.0,2.0,4041166.666666667
Parappana Agrahara,2,1194.0,2.0,4652923.3155990895
Bhagyalakshmi Avenue,1,540.0,1.0,2462046.153846154
Electronic City,2,1020.0,2.0,5362928.69047619
Electronic City,3,1400.0,2.0,7382348.333333334
Thanisandra,2,1110.0,2.0,6696491.19047619
GKW Layout,4,1350.0,4.0,14014000.0
Doddanekundi,3,1760.0,3.0,11813343.571428569
Attibele,2,1000.0,2.0,4799925.0
Kudlu Gate,3,1535.0,3.0,8479154.880952382
Old Madras Road,4,3715.0,6.0,25613000.0
Uttarahalli,2,1200.0,2.0,5552192.857142857
Vidyaranyapura,2,1100.0,2.0,5507000.0
R.T. Nagar,2,1500.0,2.0,16890000.0
Devanahalli Road,3,1532.0,3.0,8162056.25
Basavanapura,7,1800.0,5.0,12846500.0
Kuvempu Nagar,3,1540.0,3.0,7596240.833333334
Abbigere,1,765.0,2.0,3452298.333333334
Whitefield,2,1170.0,2.0,7290190.0
Varthur,3,1665.0,3.0,9092668.095238095
Hennur Busstop,2,1100.0,2.0,5267950.0
Jalahalli East,4,720.0,4.0,8305000.0
Electronic City Phase II,3,1310.0,2.0,5584970.0
Banashankari,2,1260.0,2.0,6975000.0
Whitefield,2,1317.0,2.0,8635166.999999998
Syndicate Bank Colony,3,1200.0,3.0,7086213.785714286
Bellandur,3,1420.0,3.0,8092320.0
Channasandra,6,4200.0,6.0,22167000.0
Chikkabanavar,8,4000.0,7.0,35223000.0
Hosur Road,3,1370.0,3.0,6646730.0
Kengeri,1,400.0,1.0,1631550.0
Yeshwanthpur,2,1195.0,2.0,8627638.57142857
Kachanayakanahalli,2,861.0,2.0,3852757.142857143
Sarjapur  Road,2,1000.0,2.0,6357100.0
Thanisandra,3,1430.0,2.0,7680367.5
7th Phase JP Nagar,2,1050.0,2.0,5978679.523809525
Hebbal,3,1920.0,3.0,13923657.142857144
Uttarahalli,2,1025.0,2.0,3762660.0
Jakkur Plantation,3,1765.0,3.0,10591768.75
Kaggadasapura,3,1350.0,3.0,6599000.0
Roopena Agrahara,2,1200.0,2.0,5273615.714285715
Ardendale,3,1750.0,3.0,10190800.0
Kenchenhalli,3,1786.0,3.0,11342033.333333332
Vasanth nagar,3,3025.0,3.0,24050416.66666667
Sahakara Nagar,3,1100.0,2.0,7003533.333333334
Electronic City Phase II,4,1900.0,3.0,12774750.0
Sarjapur  Road,4,3005.0,5.0,28205500.0
Ramamurthy Nagar,3,3600.0,3.0,26345250.0
BTM Layout,3,1540.0,2.0,7777858.571428571
Electronic City,2,1140.0,2.0,6352130.116213387
Rajaji Nagar,3,2450.0,3.0,39599916.666666664
Kanakpura Road,3,1100.0,2.0,6249476.515151515
Kanakpura Road,3,1100.0,3.0,5916407.5
KR Puram,1,700.0,1.0,3826808.333333333
R.T. Nagar,2,1080.0,2.0,6215433.333333332
Hoysalanagar,3,1325.0,3.0,6716583.333333332
Vidyaranyapura,6,1060.0,6.0,13682833.333333336
Whitefield,3,1897.0,3.0,13988666.666666668
Hennur Road,2,1385.0,2.0,7544850.0
Srirampura,7,1875.0,5.0,14840500.0
Baba Nagar,2,700.0,2.0,3715674.0476190476
Vijayanagar,3,1826.0,3.0,11797750.0
Jakkur,3,1785.0,3.0,11560033.333333336
Kalasipalya,7,1875.0,2.0,14017650.0
Lavelle Road,3,2500.0,3.0,16839000.0
Kengeri,1,500.0,1.0,1966806.6666666665
Yelenahalli,3,1600.0,3.0,8661833.333333334
Babusapalaya,2,1100.0,2.0,4979150.0
Kasavanhalli,2,1121.0,2.0,5541790.0
Singapura Village,4,2230.0,4.0,16976400.0
Mahadevpura,2,1050.0,2.0,4712623.75
Haralur Road,4,3700.0,4.0,31662000.0
Kengeri,2,927.0,2.0,4254433.095238095
Raja Rajeshwari Nagar,3,1280.0,3.0,5674040.0
Electronics City Phase 1,2,1300.0,2.0,6088656.666666666
Jalahalli West,2,782.0,2.0,3808200.0
Whitefield,4,4800.0,5.0,52776666.66666667
Marathahalli,2,1019.0,2.0,5052003.333333333
Hosur Road,2,1180.0,2.0,5395810.0
Koramangala,2,1180.0,2.0,7099140.0
Vignana Nagar,5,800.0,4.0,9259000.0
Ashirvad Colony,2,1100.0,2.0,5267950.0
Raja Rajeshwari Nagar,3,1260.0,2.0,6703555.555555555
Choodasandra,2,1140.0,2.0,4743774.507326008
Carmelaram,3,1732.5,3.0,11040754.857142858
Kudlu,3,1245.0,2.0,6586410.973084886
Budigere,3,1820.0,3.0,9667291.666666668
"Off Sarjapur road, ",4,3000.0,4.0,25131000.0
Kundalahalli,3,1724.0,3.0,13411457.900432903
Koramangala,2,1260.0,2.0,10333333.333333334
Electronic City,2,1110.0,2.0,6381671.011904763
Uttarahalli,2,1125.0,2.0,4754357.7976190485
Tata Nagar,2,1364.0,2.0,7311780.0
KR Garden,2,925.0,2.0,4298229.047619048
Yeshwanthpur,3,1676.0,3.0,9517543.333333334
manyata park,3,1780.0,3.0,10555163.333333334
Kudlu Gate,3,1850.0,3.0,12004916.666666664
HSR Layout,2,1185.0,2.0,5104306.285714285
Gulimangala,3,1690.0,3.0,9757357.5
Talaghattapura,2,1100.0,2.0,3613440.0
6th Phase JP Nagar,3,1250.0,3.0,4191959.9999999995
Banjara Layout,3,600.0,3.0,7334333.333333334
VGP Layout,2,1176.0,2.0,5293063.333333333
Kenchenahalli,1,715.0,1.0,3228929.1428571427
Sarjapur,4,2970.0,3.0,22809000.0
Huskur,2,1125.0,2.0,4066765.0
Thigalarapalya,3,2215.0,4.0,16039642.857142856
Hosa Road,3,1318.0,2.0,7065284.285714285
Marathahalli,4,3400.0,4.0,24474749.999999996
Banashankari Stage III,3,1350.0,2.0,7458948.0
Old Airport Road,2,1055.0,2.0,4913123.75
Rajaji Nagar,4,3730.0,4.0,47091350.0
Ejipura,7,1800.0,7.0,12733500.0
9th Phase JP Nagar,4,3500.0,4.0,27583900.0
Electronic City,3,1360.0,2.0,6838982.166666666
9th Phase JP Nagar,3,1240.0,2.0,6542310.0
Kasavanhalli,3,1980.0,3.0,13852500.0
Byadarahalli,3,3071.0,4.0,33029700.0
Kanakpura Road,3,1610.0,3.0,9326950.0
Cleveland Town,2,1100.0,2.0,5267950.0
Yelahanka,2,890.0,2.0,4117484.583333333
Badavala Nagar,3,1842.0,3.0,11474000.0
Hormavu,2,1050.0,2.0,4721818.75
1st Block HRBR Layout,3,600.0,3.0,10710400.0
Peenya,3,1286.0,3.0,5429960.0
Doddakannelli,3,1475.0,3.0,7932140.0
Sarjapur  Road,2,1200.0,2.0,9135000.0
Ramagondanahalli,3,1910.0,3.0,13712716.66666667
Electronic City,2,1200.0,2.0,5511472.857142857
Banashankari,2,1181.0,2.0,5880140.0
Kanakpura Road,2,1207.0,2.0,6860690.0
Kothanur,2,1185.0,2.0,5800896.666666668
Kudlu Gate,1,1400.0,1.0,7093133.333333334
Arekere,2,1222.0,2.0,5671250.0
Devanahalli,2,1260.0,2.0,6162285.0
Kudlu Gate,3,1532.0,3.0,8269104.523809525
Dinnur,3,1700.0,3.0,11226211.904761905
Kudlu,2,1300.0,2.0,6398656.666666666
Domlur Layout,3,2000.0,3.0,10220000.0
Marathahalli,3,1950.0,3.0,13896586.666666664
Palace Road,3,1480.0,2.0,7880553.837662338
KR Puram,2,734.0,2.0,3436790.7142857146
Attibele,1,400.0,1.0,1167672.2222222225
Maruthi Nagar,10,3300.0,9.0,25513000.0
Whitefield,2,1192.0,2.0,6887144.411764706
Hennur Road,2,1157.0,2.0,6359670.0
Yelahanka,2,1115.0,2.0,5493470.0
Panduranga Nagar,1,500.0,1.0,1982556.6666666665
Kanakpura Road,3,1425.0,2.0,7286170.0
Sarjapur  Road,2,1346.0,2.0,7403000.0
Banaswadi,6,1000.0,4.0,11894833.333333336
Mahadevpura,2,1475.0,2.0,8019200.0
Tumkur Road,2,708.0,2.0,3470355.833333333
Kothnur Narayanapura,2,1290.0,1.0,9437563.333333334
Bannerghatta Road,2,1000.0,2.0,4968666.666666666
Hosa Road,2,1170.0,2.0,4901893.333333334
Kalena Agrahara,2,1187.0,2.0,5993896.666666668
Sarjapur  Road,3,1428.0,2.0,7975860.0
Kaggadasapura,3,1495.0,3.0,8255550.0
Rachenahalli,2,1050.0,2.0,5234091.547085654
Electronic City Phase II,3,1400.0,2.0,6906805.0
Yelahanka,4,2912.5,6.0,22918500.0
Budigere,2,1153.0,2.0,5872906.666666666
Hennur Road,2,1232.0,2.0,7699678.278049827
Raja Rajeshwari Nagar,3,1529.0,3.0,7278476.666666666
Electronics City Phase 1,2,1145.0,2.0,5626577.698412699
Shivaji Nagar,3,1460.0,2.0,8098050.0
Sarjapur,2,1175.0,2.0,4897993.333333333
Electronic City,2,1140.0,2.0,6352130.116213387
Electronics City Phase 1,2,950.0,2.0,6340956.666666666
5th Phase JP Nagar,2,1207.0,2.0,6711230.0
Electronics City Phase 1,2,1015.0,2.0,7320243.333333332
R.T. Nagar,4,1800.0,3.0,13763500.0
"Banashankari 6th stage , 2nd block",3,600.0,4.0,7658333.333333332
Marathahalli,2,1350.0,2.0,7664647.142857143
Bommasandra,3,1200.0,3.0,9260151.285714285
Electronics City Phase 1,3,1750.0,3.0,11580283.333333332
Battarahalli,3,2082.0,3.0,13061443.333333336
Kalena Agrahara,2,800.0,2.0,3349090.0
Vijayanagar,3,1704.0,3.0,11817761.904761905
Electronics City Phase 1,2,1113.27,2.0,5830945.0
Whitefield,3,1635.0,2.0,10245915.0
Kathriguppe,2,754.0,2.0,3742840.9841269846
Rayasandra,2,1253.0,2.0,6146023.666666666
JP Nagar,2,1107.0,2.0,4365096.666666667
Kengeri,3,1200.0,3.0,7250067.000000001
Hennur,3,1655.0,2.0,10403140.0
Uttarahalli,2,1075.0,2.0,4333565.904761904
Richmond Town,2,1233.0,2.0,5559572.018287268
Whitefield,4,5924.0,4.0,59738833.33333333
Electronic City,1,418.0,1.0,1869670.0
Uttarahalli,7,1200.0,7.0,25011000.0
Hebbal,4,2470.0,5.0,21275558.333333332
EPIP Zone,3,1860.0,3.0,12174583.333333332
Bannerghatta Road,3,1344.0,2.0,6158388.0
Kengeri,2,1052.0,2.0,4759853.75
Marathahalli,4,4000.0,4.0,54967095.23809524
Jai Bheema Nagar,2,1339.0,2.0,7382110.476190477
Pai Layout,2,1150.0,2.0,5010267.916666667
B Y Raveshwara Nagar,4,1200.0,2.0,11405000.0
Sector 6 HSR Layout,3,3800.0,3.0,27663750.0
Varthur,2,986.0,2.0,4645226.666666667
Whitefield,3,1500.0,3.0,15445415.801587302
Bommanahalli,2,1350.0,2.0,7585763.333333334
Motappa Layout,2,1113.0,2.0,5027430.0
Whitefield,2,1300.0,2.0,8485316.19047619
Whitefield,4,2500.0,4.0,18264000.0
Thanisandra,3,1917.0,4.0,11828666.666666668
Old Madras Road,5,4500.0,7.0,44277666.66666666
Bisuvanahalli,3,1080.0,2.0,5095447.277722279
Sadashiva Nagar,5,9600.0,7.0,120050000.0
Jigani,3,1221.0,3.0,7140190.0
Ejipura,3,2070.0,3.0,12769250.0
BHEL Layout,6,2400.0,4.0,20282000.0
Ramagondanahalli,5,9600.0,6.0,90310000.0
Raghuvanahalli,1,425.0,1.0,2186760.0
Jalahalli East,2,1010.0,2.0,5170175.571428572
Vijaya Bank Layout,5,2400.0,5.0,14091000.0
Somasundara Palya,2,1448.0,2.0,8137800.0
Channasandra,3,1800.0,3.0,10355866.666666666
Hosa Road,2,1079.0,2.0,3434415.166666666
Kengeri,2,963.0,2.0,4776383.333333333
Whitefield,2,1187.0,2.0,7057230.000000001
Gollahalli,3,1325.0,2.0,5654327.619047619
Balagere,2,1380.0,2.0,8096300.0
Vishwanatha Nagenahalli,2,1050.0,2.0,4704623.75
Chikka Banaswadi,3,1555.0,3.0,7983260.0
Hosa Road,3,1332.0,2.0,6444183.333333334
Bisuvanahalli,3,1075.0,2.0,4983446.887391933
Karuna Nagar,3,2500.0,3.0,16839000.0
Indira Nagar,1,850.0,1.0,5274520.0
Ananth Nagar,2,1000.0,2.0,2879000.0
Singasandra,3,1440.0,2.0,7756347.166666666
Thanisandra,2,1098.0,2.0,7207534.523809525
Sarjapur  Road,4,3785.0,5.0,30409833.33333333
Harlur,2,1200.0,2.0,7456651.118326118
Whitefield,3,2280.0,4.0,17736033.333333336
Lakshminarayana Pura,2,1200.0,2.0,7593785.714285714
Sarjapur  Road,3,1350.0,3.0,6831000.0
Banashankari Stage V,3,1510.0,3.0,5341170.0
Gottigere,3,1400.0,2.0,8211290.0
GD Layout,2,1094.0,2.0,4216700.0
Padmanabhanagar,2,1100.0,2.0,5768950.0
Thanisandra,5,750.0,4.0,9030000.0
KR Puram,5,3300.0,3.0,28129666.666666664
Hormavu,1,715.0,1.0,4314156.666666666
Rajaji Nagar,6,1800.0,4.0,17225000.0
Gottigere,3,1385.0,2.0,8402531.785714285
Ramamurthy Nagar,2,1150.0,2.0,5086467.916666667
Horamavu Agara,3,1176.0,2.0,5355395.0
Kaverappa Layout,3,1540.0,3.0,7596240.833333334
D Group Employees Layout,4,1200.0,4.0,11855000.0
HAL 2nd Stage,3,2700.0,3.0,46711285.71428572
Kodigehaali,3,1320.0,3.0,6663250.0
EPIP Zone,4,3800.0,5.0,29579000.0
Marsur,3,1200.0,3.0,10079390.0
Kanakpura Road,2,1470.0,2.0,8317770.0
Hoodi,4,2065.5,4.0,13925702.262116969
Babusapalaya,2,1061.0,2.0,3916930.0
Vajarahalli,5,600.0,3.0,8452333.333333332
Marathahalli,3,1315.0,2.0,6271094.285714285
Udaya Nagar,2,1225.0,2.0,4951975.0
Chennammana Kere,3,1480.0,3.0,8153490.0
Thanisandra,1,777.0,1.0,3967130.0
Haralur Road,4,3400.0,5.0,26746000.0
Uttarahalli,2,1123.0,2.0,4768164.543650794
Whitefield,2,1295.0,2.0,8551326.666666666
D Group Employees Layout,5,4400.0,5.0,37190833.33333333
Neeladri Nagar,1,640.0,1.0,3654694.666666667
TC Palaya,5,1440.0,5.0,10731000.0
Uttarahalli,3,1788.0,3.0,11202666.666666668
Malleshwaram,4,6500.0,4.0,121572333.33333334
Hormavu,2,1046.0,2.0,4830440.0
1st Phase JP Nagar,2,1394.0,2.0,7265355.0
Akshaya Nagar,3,1893.0,4.0,10112000.0
Seegehalli,2,1176.0,2.0,5533343.333333332
Kumaraswami Layout,7,3100.0,7.0,24706000.0
Thanisandra,3,1200.0,2.0,6448669.444444445
Seshadripuram,2,600.0,3.0,6332500.0
Kodigehalli,8,1150.0,9.0,13224000.0
Uttarahalli,3,1617.0,3.0,8965345.0
Bellandur,3,2400.0,3.0,17602000.0
Bellandur,3,1535.0,3.0,8348004.583333332
12th cross srinivas nagar banshankari 3rd stage,1,1800.0,1.0,15022420.0
Hormavu,2,1210.0,2.0,5298323.333333333
Rajaji Nagar,2,1200.0,1.0,10882606.666666668
Kalkere,2,925.0,2.0,4635364.971139971
Hebbal,3,1636.0,3.0,10889068.80952381
Dodda Banaswadi,3,1500.0,3.0,8534606.666666668
Hoodi,3,1660.0,3.0,12285853.333333336
Whitefield,2,1216.0,2.0,7686999.553863486
Kengeri Satellite Town,3,1415.0,2.0,7223566.666666668
Bommanahalli,2,1050.0,2.0,5027490.0
Thirumenahalli,2,1100.0,2.0,4353130.0
Whitefield,2,1216.0,2.0,7686999.553863486
Sarjapur,4,2585.5,4.0,18980833.333333336
Thigalarapalya,2,1418.0,2.0,10324797.113997117
Doddakallasandra,3,2493.0,3.0,13290000.0
Haralur Road,2,1300.0,2.0,7002928.571428572
Gollahalli,2,1060.0,2.0,4816090.0
Dasanapura,2,708.0,1.0,3337477.9880952383
Sarjapur  Road,2,1320.0,2.0,8121483.333333332
Sarjapur  Road,3,1685.0,3.0,12471095.23809524
Manjunatha Layout,2,1200.0,2.0,5297615.714285715
Electronic City,2,1070.0,2.0,5648602.861860361
Rajaji Nagar,3,1640.0,3.0,24429915.079365086
Banashankari,3,600.0,3.0,7541773.333333332
Hosakerehalli,9,1380.0,9.0,16807500.0
Electronic City,2,1128.0,2.0,6537683.653592417
Hosur Road,5,3300.0,5.0,29101500.0
Electronic City,2,1150.0,2.0,6376728.603896107
Yarandahalli,3,1350.0,2.0,6853194.666666666
Harlur,2,936.0,2.0,4315479.571428571
Tumkur Road,3,1354.0,3.0,8023700.0
Uttarahalli,3,1540.0,3.0,7379638.333333334
Kamakshipalya,2,1150.0,2.0,5527461.666666668
Babusapalaya,2,1141.0,2.0,4738364.666666666
Kuvempu Layout,3,2200.0,4.0,15774000.0
Kanakpura Road,3,1452.0,3.0,7269792.333333332
HSR Layout,2,1140.0,2.0,4619000.0
Bellandur,2,1457.0,2.0,8151700.0
Xavier Layout,3,1524.0,4.0,11722520.0
9th Phase JP Nagar,2,1127.0,2.0,5528333.67965368
JCR Layout,2,1160.0,2.0,4337023.333333334
Begur Road,2,1160.0,2.0,4013769.7210742487
Mahalakshmi Layout,4,1050.0,1.0,9880678.57142857
Yelahanka New Town,1,284.0,1.0,1958860.0
"JP nagar 9th Phase, ",3,1531.0,3.0,8075131.25
CV Raman Nagar,2,1025.0,2.0,4470978.055555556
Nagondanahalli,2,1095.0,2.0,4251340.0
Talaghattapura,2,1062.0,2.0,3920246.666666667
Whitefield,3,3150.0,3.0,24936666.666666664
Chennammana Kere,2,1100.0,2.0,5344080.0
Binny Pete,1,665.0,1.0,4932493.333333332
Raja Rajeshwari Nagar,2,1608.0,2.0,8898526.666666666
Kammagondahalli,2,1263.0,2.0,5784615.0
Battarahalli,2,1200.0,2.0,5297615.714285715
Jaraganahalli Jp Nagar Post,4,600.0,4.0,7469333.333333332
Vidyaranyapura,4,600.0,3.0,7290916.666666668
Malleshwaram,5,7500.0,7.0,134713000.0
Whitefield,2,1276.0,2.0,8015690.476190477
Ananth Nagar,3,1319.0,3.0,6424833.333333334
KR Garden,3,1700.0,3.0,11226211.904761905
Chandapura,3,1190.0,2.0,5220732.378740969
GM Palaya,2,1030.0,2.0,4496121.666666666
Whitefield,2,1205.0,2.0,7186336.463100749
Hennur Road,2,1140.0,2.0,4857434.507326008
Sarjapur,3,1445.0,3.0,6425262.666666668
Thanisandra,1,693.0,1.0,3776727.8888888895
Singapura Village,4,600.0,5.0,7357500.0
HSR Layout,2,1140.0,2.0,4619000.0
Jnanabharathi Layout,4,2400.0,3.0,16312750.0
Ulsoor,3,2700.0,3.0,20051785.714285716
Varsova Layout,3,1280.0,2.0,5929543.333333332
Haralur Road,3,1830.0,3.0,10500941.5
Nagashetty Halli,2,840.0,1.0,3490276.9841269837
Hosa Road,3,1532.0,3.0,9836455.0
Kengeri Satellite Town,3,1191.0,2.0,5550482.378740969
Amruthahalli,3,1700.0,3.0,11226211.904761905
Bellandur,2,924.0,2.0,3625240.0
JP Nagar,3,1850.0,2.0,10489610.0
Panathur,2,1000.0,2.0,4487000.0
Electronic City,2,1128.0,2.0,6537683.653592417
Binny Pete,3,1282.0,3.0,13206625.0
BTM 2nd Stage,2,950.0,2.0,5236558.333333334
Hongasandra,2,1065.0,2.0,4843425.000000001
Malleshwaram,2,1124.0,3.0,5324060.0
Whitefield,2,1085.0,2.0,4908259.5
Hulimavu,3,1320.0,2.0,5955084.285714285
Electronic City,3,1530.0,2.0,7474811.598507701
Vasantha Vallabha Nagar,3,1280.0,2.0,5929543.333333332
Sri Sai Layout,2,1000.0,2.0,4819925.0
Sarjapur  Road,3,1877.0,4.0,13030000.0
Koramangala,2,1005.0,1.0,7230611.666666668
Varthur,2,1402.0,2.0,7330678.333333334
Yelahanka,3,2195.0,4.0,17272000.0
Vidyaranyapura,2,1200.0,2.0,5348900.0
Narayanappa Garden,2,1475.0,2.0,7823200.0
Old Airport Road,4,3200.0,4.0,25668500.0
frazertown,3,2900.0,3.0,25863000.0
Nobo Nagar,6,1500.0,7.0,15636000.0
Bharathnagar,2,1245.0,2.0,6105245.973084886
Thanisandra,2,1265.0,2.0,8182578.571428573
Sarjapur  Road,3,1750.0,3.0,11283400.0
Doddathoguru,2,1015.0,2.0,4288590.833333333
Kanakpura Road,1,525.0,1.0,2738603.2957417113
Kammasandra,3,1365.0,2.0,6568961.666666666
Thanisandra,1,693.0,1.0,3776727.8888888895
Hosakerehalli,3,2376.0,3.0,23412833.33333333
Abbaiah Reddy Layout,3,1310.0,2.0,6255707.142857144
M.G Road,2,1250.0,2.0,5940594.285714285
Babusapalaya,3,1358.0,2.0,6245298.333333332
Yeshwanthpur,3,1693.0,3.0,10998546.785714287
Somasundara Palya,3,1600.0,3.0,9464316.666666668
Bhoganhalli,3,1760.0,3.0,11830343.571428569
ITPL,4,5667.5,5.0,51615500.0
Kasavanhalli,3,1450.0,3.0,7286549.76190476
Yelahanka,4,3206.0,5.0,25770900.0
Kasavanhalli,2,1158.0,2.0,5320901.666666667
Hoysalanagar,2,1100.0,2.0,5267950.0
Electronic City,3,1360.0,2.0,6838982.166666666
Mallasandra,2,1200.0,2.0,5297615.714285715
Akshaya Nagar,4,1410.0,4.0,13333150.0
Rachenahalli,3,2710.0,3.0,19772785.714285716
Frazer Town,3,2214.0,3.0,20102200.0
BTM 4th Stage,2,1350.0,2.0,7626683.333333334
Nagarbhavi,4,600.0,5.0,7532050.0
Pulikeshi Nagar,3,2280.0,3.0,16739600.0
Magadi Road,2,750.0,2.0,3749928.650793651
Kogilu,1,700.0,1.0,3311410.0
Benson Town,3,3200.0,4.0,38052000.0
Hebbal,3,1255.0,2.0,8592480.85714286
Kadugondanahalli,6,727.0,6.0,7945600.0
Sarjapur  Road,4,3416.5,6.0,25366000.0
Lakshmipura,2,1225.0,2.0,5498050.0
Sindhi Colony,5,5665.84,7.0,60947500.0
Yemlur,8,12000.0,9.0,182235000.0
Kathriguppe,3,1350.0,3.0,8003069.999999999
Doddathoguru,2,984.0,2.0,4196125.0
7th Phase JP Nagar,2,1175.0,2.0,7334710.0
1st Phase JP Nagar,3,2024.0,3.0,16623000.0
7th Phase JP Nagar,2,1000.0,2.0,6085759.246031745
9th Phase JP Nagar,2,1005.0,2.0,4823788.333333333
Bannerghatta Road,3,1660.0,3.0,9404957.142857146
Whitefield,2,1216.0,2.0,7686999.553863486
OMBR Layout,5,2400.0,5.0,21540000.0
Hebbal,2,1244.0,3.0,6234750.0
Marathahalli,2,1146.0,2.0,6730166.666666666
Talaghattapura,3,1868.0,3.0,12441919.047619045
Sector 2 HSR Layout,9,600.0,9.0,7696000.0
Choodasandra,2,1180.0,2.0,5612030.0
OMBR Layout,2,1085.0,2.0,5162322.5
Electronics City Phase 1,1,580.0,1.0,2897460.0
Yelahanka,3,1590.0,2.0,10060650.0
Raja Rajeshwari Nagar,3,1530.0,3.0,7180129.583333334
Chandapura,2,800.0,2.0,3241431.833333333
ITPL,4,3262.0,5.0,28359833.33333333
Sarjapur  Road,2,1194.0,2.0,6723178.879519174
Lingadheeranahalli,3,1683.0,3.0,13115651.190476188
Magadi Road,2,1000.0,2.0,5183660.0
Gottigere,1,1806.0,1.0,14604420.0
5th Phase JP Nagar,2,1075.0,2.0,5561850.0
Koramangala,4,2700.0,4.0,36499500.0
B Narayanapura,2,1313.0,2.0,6778384.523809523
Rajaji Nagar,7,12000.0,6.0,167105000.0
Malleshpalya,3,1785.0,3.0,11299643.333333332
Subhash Nagar,4,1200.0,4.0,11855000.0
Kasturi Nagar,2,1000.0,2.0,5755550.0
Hennur,3,1150.0,3.0,8729927.5
Hennur Road,2,1297.0,2.0,7394653.333333332
Kengeri Satellite Town,4,936.0,2.0,9941306.666666666
Electronic City,2,1070.0,2.0,5648602.861860361
Begur Road,3,1410.0,2.0,5526643.500000001
Gulakamale,2,1200.0,2.0,5297615.714285715
"Hoodi Circle, ",2,1234.0,2.0,5723003.878787878
Rachenahalli,3,2721.0,3.0,20015952.38095238
Begur Road,3,680.0,4.0,7710000.0
Wilson Garden,1,735.0,1.0,3231368.0
Kodigehalli,3,1820.0,3.0,11086250.0
Bidadi,2,1600.0,2.0,8991130.0
5th Phase JP Nagar,2,1450.0,2.0,7835560.0
Ramamurthy Nagar,2,1150.0,2.0,5086467.916666667
Yelahanka,1,697.0,1.0,3407890.0
Yelahanka,2,1065.0,2.0,4834418.333333333
Channasandra,2,1030.0,2.0,3607595.0238095243
Sidedahalli,9,1200.0,7.0,15379000.0
Electronics City Phase 1,2,940.0,2.0,6504541.666666668
Raja Rajeshwari Nagar,8,4800.0,8.0,17545000.0
Hoodi,3,1746.0,3.0,11549126.190476194
Banashankari,3,1900.0,2.0,14744060.0
Margondanahalli,2,1200.0,1.0,5915985.357142858
Yelahanka,1,26136.0,1.0,125401000.0
Chandapura,2,778.0,2.0,2512099.166666667
Old Madras Road,2,1211.0,2.0,7755394.322344321
Talaghattapura,2,1040.0,2.0,4156924.9999999995
Sahakara Nagar,3,1370.0,2.0,7038770.0
Subramanyapura,3,1278.0,3.0,5674040.0
Marathahalli,2,1220.0,2.0,5919446.666666666
Thanisandra,3,1430.0,2.0,7680367.5
Cambridge  road,3,1000.0,2.0,4481265.0
Kattigenahalli,2,1200.0,1.0,5260872.857142857
Sarjapur  Road,3,2180.0,4.0,15970083.333333336
Hebbal Kempapura,3,1725.0,2.0,9295560.0
AMS Layout,3,1200.0,4.0,14348000.0
Sonnenahalli,1,605.0,1.0,3351121.666666667
Haralur Road,3,1464.0,3.0,9032242.38095238
Kadabagere,2,675.0,1.0,1993413.3333333335
Hennur,4,3517.0,,28487900.0
Kaggadasapura,3,1280.0,2.0,6091193.333333332
Sarjapur,2,1175.0,2.0,4897993.333333333
frazertown,3,2000.0,3.0,10220000.0
1st Block Jayanagar,4,2850.0,4.0,29056142.85714286
Yelahanka,3,1614.0,3.0,10033380.0
Kundalahalli,3,1724.0,3.0,13411457.900432903
Doddakannelli,3,780.0,3.0,6976908.333333334
Bannerghatta Road,3,1460.0,2.0,8335650.0
Ramamurthy Nagar,2,935.0,2.0,4424769.714285714
Haralur Road,3,1817.0,3.0,11001594.0
Yelahanka,3,1517.0,3.0,10214575.0
Electronic City,4,2000.0,4.0,12269500.0
Hennur Road,3,1482.0,2.0,8442887.17857143
Munnekollal,2,1170.0,2.0,5423230.0
Sarjapur  Road,3,1157.0,2.0,7419929.365079364
JP Nagar,3,3496.5,,26634666.666666664
Hormavu,4,2282.0,4.0,17805883.333333332
Sarjapur  Road,4,4000.0,5.0,49707500.0
Yelahanka,1,602.0,1.0,3499800.0
Gottigere,1,812.0,1.0,2930105.0
Marathahalli,1,615.0,1.0,3452372.8571428573
Chikkalasandra,3,1230.0,2.0,5331200.0
Ejipura,2,922.0,2.0,4001574.0476190476
Chelekare,1,600.0,1.0,3310155.0
Chandapura,1,645.0,1.0,1645000.0
Somasundara Palya,3,1575.0,3.0,9162873.80952381
Somasundara Palya,2,1185.0,2.0,6970140.0
Bannerghatta Road,3,1625.0,2.0,10846753.333333336
Kaggadasapura,3,1500.0,2.0,7748176.58685269
Sathya Sai Layout,4,6688.0,6.0,83457000.0
Kanakpura Road,2,1220.0,2.0,7199300.0
Koramangala,4,2461.0,6.0,36678000.0
Hulimavu,2,1100.0,2.0,4986750.0
Horamavu Banaswadi,2,1025.0,2.0,4363855.833333334
Electronics City Phase 1,2,1085.0,2.0,5980724.5
Kaval Byrasandra,3,1400.0,3.0,6889040.0
Rajiv Gandhi Nagar,2,1219.0,2.0,5762610.0
Madiwala,4,910.0,4.0,9601800.0
Murugeshpalya,2,1296.0,2.0,6627166.666666666
KUDLU MAIN ROAD,3,1464.0,3.0,5435451.7900400255
Panathur,2,1193.0,2.0,5999294.102543311
Old Town,8,750.0,8.0,10779000.0
VHBCS Layout,2,1353.0,2.0,9615869.999999998
Pattandur Agrahara,2,900.0,2.0,4406333.333333334
Rajaji Nagar,2,1763.0,3.0,25444750.0
9th Block Jayanagar,6,1200.0,5.0,20632000.0
Kasavanhalli,2,1495.0,2.0,9456500.0
Bisuvanahalli,2,845.0,2.0,3364862.3015873022
Neeladri Nagar,1,674.0,1.0,3346572.380952381
Bhoganhalli,3,1760.0,3.0,11830343.571428569
Jakkur,2,1473.0,2.0,8922400.0
JP Nagar,2,1200.0,2.0,6168280.0
Chikkabanavar,4,2460.0,7.0,15925000.0
Green View Layout,2,1150.0,2.0,4998267.916666667
Sarjapur  Road,4,2750.0,5.0,22448166.666666664
Electronic City,3,1470.0,2.0,8113258.644549895
4th Block Koramangala,9,4500.0,9.0,15883000.0
BEL Layout,2,1375.0,2.0,7955190.0
Subramanyapura,2,1050.0,2.0,5169468.75
Yelahanka,2,1140.0,2.0,5058462.840659341
Nagarbhavi,3,1850.0,2.0,10512610.0
Malleshwaram,3,2345.0,,22851945.454545453
Old Airport Road,2,946.0,2.0,4430620.0
Vinayaka Nagar,2,1340.0,2.0,7389488.333333334
Jakkur,3,1819.18,3.0,14853333.333333332
Nehru Nagar,2,961.0,2.0,4539376.666666666
Bellandur,1,950.0,1.0,4094350.0
Narayanapura,3,2357.0,3.0,15106500.0
Weavers Colony,1,812.0,1.0,2870675.0
Somasundara Palya,3,2300.0,2.0,16811000.0
Nelamangala,2,820.0,2.0,2686155.0
7th Phase JP Nagar,3,1680.0,3.0,12098150.151310677
Bannerghatta Road,3,1465.0,2.0,8310090.0
Sanjay nagar,2,630.0,1.0,3152879.0873015868
Whitefield,3,3480.0,4.0,24228333.333333336
Vittasandra,3,1650.0,3.0,8768400.0
Devara Jeevanahalli,4,400.0,2.0,6308000.0
Whitefield,4,4500.0,4.0,47332000.0
Lakkasandra,9,4500.0,9.0,15883000.0
Ambedkar Nagar,3,1935.0,4.0,12410500.0
Kanakpura Road,2,1296.0,2.0,9545658.904761907
Kasturi Nagar,4,784.0,2.0,8123000.0
Sarjapur,3,1200.0,3.0,7430677.119047619
Rachenahalli,2,1050.0,2.0,5234091.547085654
Raja Rajeshwari Nagar,3,1530.0,3.0,7180129.583333334
6th Phase JP Nagar,3,1515.0,2.0,8067096.008403361
Doddanakunte,5,2700.0,5.0,15444500.0
TC Palaya,3,1200.0,3.0,7086213.785714286
Jigani,3,1221.0,3.0,7140190.0
RMV 2nd Stage,2,1200.0,2.0,5297615.714285715
Sathya Sai Layout,4,6652.0,6.0,84043000.0
Harlur,3,3425.0,3.0,24281333.33333333
Electronic City,2,1165.0,2.0,5594157.472943723
Yeshwanthpur,2,1144.0,2.0,6377971.666666668
Sarjapur  Road,2,1280.0,2.0,8937166.666666668
Basaveshwara Nagar,2,1200.0,2.0,8072825.396825398
Cooke Town,3,2300.0,3.0,18121780.0
Singena Agrahara,3,1500.0,3.0,10630000.0
KEB Colony,2,1040.0,2.0,4769641.666666666
Uttarahalli,2,1134.0,2.0,4747106.595238095
Uttarahalli,2,1200.0,2.0,5552192.857142857
Kasthuri Nagar East Of NGEF,6,2400.0,7.0,19164000.0
Bannerghatta Road,4,3000.0,4.0,24060000.0
Kaikondrahalli,4,1700.0,4.0,15292610.0
Sarjapur  Road,3,1380.0,2.0,7174105.166666666
Belathur,2,1081.0,2.0,4577680.0
Bhagyalakshmi Avenue,2,955.0,1.0,4867401.666666666
Kasavanhalli,3,1476.0,3.0,8942531.42857143
Varthur Road,2,1140.0,2.0,4770074.507326008
Hormavu,2,1129.0,2.0,4707823.611111112
8th Phase JP Nagar,5,1730.0,5.0,18933166.666666664
Srinivasa Nagar,3,1200.0,2.0,6556550.0
Whitefield,2,1170.0,2.0,7290190.0
Bhoganhalli,2,1447.0,2.0,7597000.0
Hebbal,8,6000.0,8.0,26269000.0
Panathur,2,1210.0,2.0,7668984.342796097
Old Madras Road,4,2600.0,4.0,17892500.0
Balagere,1,645.0,1.0,3829364.714285714
Billekahalli,2,950.0,2.0,5683193.333333334
Williams Town,3,1500.0,2.0,8367561.197242299
Thigalarapalya,4,3122.0,6.0,24183337.179487176
Yelahanka,4,2675.0,4.0,22546985.714285713
Kaggadasapura,3,1250.0,2.0,6661500.0
Akshaya Nagar,3,1551.0,2.0,8004441.904761905
Kengeri,1,416.0,1.0,1815240.0
Hosahalli Extension,3,2000.0,3.0,10910000.0
Mallasandra,2,1340.0,2.0,7364688.333333334
Sarjapur  Road,2,1155.0,2.0,7172282.333333334
Kasavanhalli,2,1100.0,2.0,5805100.0
Silk Board,2,1020.0,2.0,4668683.928571429
Electronic City,4,1200.0,4.0,11855000.0
Kothanur,3,1454.0,3.0,7218908.0
Hebbal,3,3520.0,3.0,29570166.666666664
Indira Nagar,2,1260.0,2.0,10464073.333333334
Ganesha Block,3,1810.0,3.0,11813375.333333336
Yelahanka,3,1890.0,4.0,13019566.666666668
Subramanyapura,3,1800.0,3.0,10335866.666666666
Srinivasa Nagar,4,1500.0,4.0,12378250.0
JP Nagar,3,1850.0,3.0,13911190.476190476
Ulsoor,4,3500.0,4.0,27583900.0
8th Phase JP Nagar,2,1062.0,2.0,4138955.0
Seetharampalya,3,1360.0,2.0,6333969.166666666
Sarjapur  Road,3,1826.0,3.0,12703000.0
Sarjapur  Road,2,1150.0,2.0,7229333.333333334
BCC Layout,4,1500.0,5.0,15944450.0
Akshaya Vana,3,1260.0,2.0,6899262.222222222
Kengeri Satellite Town,2,1072.0,2.0,4880620.0
B Narayanapura,3,1405.0,2.0,6813339.166666666
Kodihalli,3,2500.0,4.0,24314000.0
Bisuvanahalli,3,1075.0,2.0,4983446.887391933
Sarjapur  Road,2,1112.0,2.0,6129000.0
Kanakpura Road,3,1530.0,,8263909.592352091
Bendiganahalli,3,1200.0,3.0,7086213.785714286
NGR Layout,2,1020.0,2.0,4786466.369047618
Marathahalli,4,2396.0,4.0,16876552.38095238
Jagajyothi layout,2,1250.0,2.0,5940594.285714285
Varthur Road,2,1277.0,2.0,5919850.0
Amblipura,4,2950.0,4.0,23799000.0
Rajiv Gandhi Nagar,2,1293.0,2.0,7630266.666666669
Kanakpura Road,2,1204.0,2.0,7049356.666666666
Hosur Road,3,1590.0,2.0,12565600.0
Hegde Nagar,3,2112.95,4.0,14240000.0
Indira Nagar,3,1700.0,3.0,18917733.333333332
Venugopal Reddy Layout,3,1545.0,3.0,8077771.666666666
Narayanappa Layout,5,950.0,5.0,10791500.0
NRI Layout,3,1731.0,3.0,10541390.000000002
Chandapura,3,1190.0,2.0,5220732.378740969
Haralur Road,3,1810.0,3.0,10818245.666666668
Kanakpura Road,3,1703.0,3.0,12763166.666666662
Jigani,2,937.0,2.0,4517701.0
BTM 2nd Stage,2,1000.0,2.0,5066375.0
Subramanyanagar,8,1320.0,6.0,14750000.0
Ramanjaneyanagar,2,1040.0,2.0,4769641.666666666
Sarjapur  Road,2,1311.0,2.0,7535750.0
Gollarapalya Hosahalli,2,861.0,2.0,3670280.0
Vidyaranyapura,2,1100.0,2.0,5507000.0
Harlur,3,1749.0,3.0,11461520.238095239
Sarjapura - Attibele Road,3,1676.0,3.0,8994070.0
Marathahalli,2,1050.0,2.0,5367370.0
Sarakki Nagar,3,2663.0,4.0,25480000.0
TC Palaya,2,1100.0,2.0,5195150.0
Hoodi,2,1026.0,2.0,5013863.80952381
BEML Layout,2,999.0,2.0,4592071.666666666
Jakkur,2,1050.0,2.0,4940298.75
Mysore Road,3,1410.0,2.0,5980204.0
Thanisandra,3,1241.0,2.0,6609320.0
KR Puram,3,1452.0,3.0,7269792.333333332
Whitefield,2,1315.0,2.0,8635166.999999998
Chandapura,2,800.0,1.0,3028825.166666667
Green Glen Layout,3,1715.0,3.0,11382508.116883116
Marathahalli,2,957.0,2.0,4699338.333333334
Ardendale,3,2500.0,3.0,16844000.0
Talaghattapura,2,1100.0,2.0,3613440.0
Sathya Sai Layout,4,6652.0,6.0,84043000.0
Raja Rajeshwari Nagar,2,1255.0,2.0,6273915.541666666
Bannerghatta Road,2,1200.0,2.0,5766022.857142857
B Channasandra,2,1300.0,2.0,6088656.666666666
Talaghattapura,3,1800.0,3.0,10787866.666666664
Gunjur,3,1600.0,3.0,8981833.333333334
Bisuvanahalli,3,1075.0,2.0,4983446.887391933
Jakkur,3,1950.0,3.0,13552420.0
Sarjapur  Road,3,1457.0,3.0,8155026.666666666
Yelachenahalli,3,1700.0,3.0,11888878.571428573
Whitefield,4,2403.0,4.0,21989274.6031746
Yeshwanthpur,2,1164.0,2.0,8009580.0
Bannerghatta Road,3,1476.0,3.0,8534818.472222222
BEML Layout,3,2000.0,3.0,9061000.0
Margondanahalli,4,1360.0,2.0,8486774.166666668
Yelahanka,2,1076.0,2.0,5235350.0
Electronic City Phase II,2,900.0,2.0,3371926.666666666
Brooke Bond First Cross,2,1252.0,2.0,6253258.333333332
2nd Stage Nagarbhavi,4,1200.0,4.0,23700000.0
Akshaya Nagar,3,1690.0,3.0,9136162.5
Kaverappa Layout,2,1265.0,2.0,7142965.0
Budigere,1,764.0,1.0,4251651.666666667
Bharathi Nagar,2,1349.0,2.0,7422799.0476190485
Kyalasanahalli,3,1200.0,3.0,7086213.785714286
Sompura,3,1275.0,3.0,5766760.0
Pai Layout,6,3800.0,6.0,18807500.0
Kamakya Layout,4,2400.0,3.0,16312750.0
Bharathi Nagar,2,1432.0,2.0,8428343.333333332
Kaval Byrasandra,2,1060.0,2.0,4704800.0
Sarjapur,3,2690.0,3.0,19934652.38095238
Banashankari Stage V,2,920.0,2.0,3988551.714285714
T K Reddy Layout,3,1616.0,3.0,9062890.0
2nd Phase JP Nagar,2,1040.0,2.0,4604184.999999999
7th Phase JP Nagar,3,1850.0,3.0,14838420.634920634
Bellandur,2,1150.0,2.0,5050301.666666667
Yeshwanthpur,3,1383.0,2.0,7042641.952380952
Haralur Road,3,1810.0,3.0,10818245.666666668
Kumara Park,3,2000.0,3.0,10485000.0
Kanakapura,2,1160.0,2.0,5281863.333333334
Whitefield,3,1500.0,3.0,15445415.801587302
Muthurayya Swamy Layout,3,2405.0,4.0,20632785.714285716
Sarjapur  Road,2,984.0,2.0,5738040.0
Coconut Grove Layout,2,1156.0,2.0,5061185.0
Sarjapur  Road,2,1290.0,2.0,8174565.000000001
1 Immadihalli,11,6000.0,12.0,27700000.0
Bannerghatta Road,4,1380.0,3.0,10794640.0
Whitefield,4,4348.5,,37077500.0
7th Phase JP Nagar,3,1400.0,2.0,9219500.0
Electronics City Phase 1,1,360.0,1.0,2078970.0
Sathya Sai Layout,4,4104.0,4.0,42704250.00000001
Chandapura,1,645.0,1.0,1645000.0
Kaggadasapura,2,1118.0,2.0,4265448.583333333
Devanahalli,3,1282.0,2.0,6704320.0
Hennur Road,3,1976.0,3.0,12738000.0
Prithvi Layout,2,1352.0,2.0,7802361.904761902
Old Madras Road,3,2990.0,5.0,18257666.666666668
Thyagaraja Nagar,7,3000.0,6.0,18582000.0
Gollahalli,2,1170.0,2.0,4353526.666666667
8th Phase JP Nagar,2,909.0,2.0,4099976.666666667
Chinnapanahalli,2,1020.0,2.0,4840300.595238095
Kalyan nagar,2,1190.0,2.0,5100218.77463266
Jigani,2,939.0,2.0,4886175.0
Abbigere,2,995.0,2.0,4070483.333333333
Chikka Tirupathi,5,3356.0,5.0,26874166.666666664
Agrahara Dasarahalli,1,800.0,1.0,3595125.0
Kodichikkanahalli,2,900.0,2.0,4276500.0
Bethel Nagar,3,1092.0,3.0,6134167.5
Begur Road,3,1410.0,2.0,5526643.500000001
Suragajakkanahalli,3,1200.0,3.0,7086213.785714286
Rachenahalli,3,1756.0,3.0,11592106.666666664
Raja Rajeshwari Nagar,2,1267.0,2.0,5755324.5
Doddabanahalli,2,800.0,2.0,3462750.0
Byatarayanapura,1,1300.0,1.0,7949530.0
Gnana Bharathi,6,3600.0,6.0,15432750.0
Vignana Nagar,4,1050.0,4.0,10336000.0
Vijayanagar,3,1527.0,3.0,9212100.833333334
Kenchenhalli,4,1350.0,4.0,14014000.0
Rachenahalli,2,985.0,2.0,5021061.999999999
Kumara Park,2,1200.0,2.0,11219615.714285713
Padmanabhanagar,4,3000.0,4.0,25307000.0
Udayapur Village,3,1440.0,2.0,7872347.166666666
Magadi Road,2,1116.0,2.0,4908000.0
Vijayanagar,2,989.0,2.0,5062115.0
Kalena Agrahara,3,1837.0,2.0,9630530.0
Hegde Nagar,3,1835.0,3.0,9313333.333333332
B K Nagar,6,2400.0,5.0,19710000.0
Kanakpura Road,2,700.0,2.0,4029279.365079365
Daadys Gaarden Layout,3,1600.0,3.0,8454000.0
HMT Layout,3,1385.0,3.0,6521190.0
Kashi Nagar,4,1600.0,4.0,12847266.666666668
7th Phase JP Nagar,2,1370.0,2.0,8170970.0
Thanisandra,3,1996.0,4.0,13220666.666666664
Electronic City Phase II,3,1400.0,2.0,6906805.0
Kalyan nagar,2,820.0,2.0,3161205.0
1st Block HBR Layout,1,600.0,1.0,3310155.0
Gubbalala,5,2570.0,4.0,14712000.0
Kudlu,2,1076.0,2.0,5408526.153846154
Thanisandra,3,1965.0,4.0,12717916.666666668
Jalahalli East,3,1300.0,2.0,5973516.785714285
Thigalarapalya,4,3122.0,5.0,24669293.131868128
Kanakpura Road,3,1223.0,2.0,6589630.0
Hennur,2,1100.0,2.0,5267950.0
1st Block BEL Layout,4,1800.0,5.0,13405500.0
Hosakerehalli,4,3205.0,4.0,31635166.66666667
Kudlu,2,1027.0,2.0,4348660.137085136
Marathahalli,3,1305.0,2.0,5767608.214285715
Banashankari,3,1426.0,3.0,7567150.0
Yelahanka,3,2145.0,3.0,17111333.333333336
Channasandra,2,1115.0,2.0,3485327.0238095243
Benson Town,2,1567.0,3.0,9493215.000000002
Judicial Layout,4,1500.0,3.0,15026833.333333336
Brookefield,2,1139.0,2.0,5692297.071428571
Kengeri,1,416.0,1.0,1815240.0
Chelekare,2,1250.0,2.0,5940594.285714285
Chandapura,3,1305.0,3.0,6890600.0
Ambedkar Nagar,3,2395.0,4.0,18083719.04761905
Yelahanka,3,1614.0,3.0,10033380.0
Begur Road,4,2462.0,4.0,16277309.523809524
Madavara,2,1000.0,2.0,4819925.0
Ramamurthy Nagar,2,700.0,2.0,3715674.0476190476
CV Raman Nagar,3,1480.0,3.0,8153490.0
Akshaya Nagar,2,1100.0,2.0,5381950.0
Vidyaranyapura,2,1200.0,2.0,5348900.0
Doddagubbi,2,1250.0,2.0,5940594.285714285
Hulimavu,2,935.0,2.0,5036051.904761905
Sarjapur  Road,2,984.0,2.0,5738040.0
Thanisandra,3,1694.0,3.0,11242071.26984127
Sarjapur  Road,3,2100.0,3.0,13174000.0
Banashankari,2,1310.0,2.0,7556258.333333334
Hoodi,2,1425.0,2.0,9030780.714285715
Electronic City,2,770.0,1.0,3936361.666666667
Hormavu,2,980.0,2.0,4171033.333333334
Byrasandra,3,1390.0,2.0,7003989.785714285
Kaggadasapura,2,1000.0,2.0,4930425.0
Kasavanhalli,3,1260.0,2.0,7438512.222222222
Electronics City Phase 1,1,635.0,1.0,3401470.0
Bharathi Nagar,2,1300.0,2.0,6113656.666666666
Koramangala,2,1900.0,2.0,12234260.0
Kaggalipura,2,950.0,2.0,5374572.885447885
3rd Block HBR Layout,3,2000.0,3.0,10220000.0
Kadabagere,2,565.0,2.0,2525650.0
Old Madras Road,3,1425.0,2.0,7183900.0
Whitefield,2,1355.0,2.0,8323810.0
Abbigere,2,985.0,2.0,4180133.333333333
Ambedkar Colony,2,1468.0,3.0,7872410.0
EPIP Zone,2,1343.0,2.0,8033493.333333334
Jalahalli West,2,745.0,2.0,4388608.333333334
Sarjapur  Road,2,1130.0,2.0,6618200.0
7th Phase JP Nagar,3,1680.0,3.0,12098150.151310677
Bhoganhalli,4,2171.0,4.0,13519500.0
Varthur,2,1738.0,2.0,8825570.0
Binny Pete,3,1970.0,3.0,12737500.0
Electronics City Phase 1,2,995.0,2.0,6756440.0
Belathur,2,1050.0,2.0,4609190.0
Old Madras Road,4,3900.0,4.0,34266000.0
Nagasandra,4,1310.0,3.0,10574300.0
Rajaji Nagar,6,3000.0,6.0,48779750.0
8th Phase JP Nagar,1,500.0,1.0,2659556.6666666665
Yelenahalli,2,1240.0,2.0,5442537.166666666
Volagerekallahalli,2,1095.0,2.0,3864961.6428571427
Bannerghatta Road,3,1920.0,3.0,12011523.80952381
3rd Block Banashankari,4,1700.0,2.0,10394645.0
Hebbal,3,1430.0,3.0,8502450.0
Benson Town,3,2850.0,4.0,29096333.33333333
CV Raman Nagar,2,1020.0,2.0,4572939.166666667
Sector 7 HSR Layout,2,1163.0,2.0,9194470.0
Gokula Extension,3,1400.0,3.0,6872040.0
Kanakapura,3,1290.0,2.0,6101951.785714285
Thanisandra,2,1245.0,2.0,6851322.857142856
Kada Agrahara,2,935.0,2.0,4280794.714285714
Sarjapur  Road,4,5400.0,4.0,69430000.0
Singasandra,2,1416.0,2.0,7047685.0
Bannerghatta Road,3,1527.0,3.0,10537442.638888888
Koramangala,3,1900.0,3.0,17025166.666666668
Bellandur,3,1830.0,3.0,10973871.666666664
Whitefield,3,2134.0,4.0,13812600.0
Kasavanhalli,3,2111.0,4.0,12892265.384615386
Gunjur,3,2132.0,3.0,14164416.666666668
Marathahalli,3,1108.0,2.0,5689176.515151515
Hoodi,2,1108.0,2.0,7925071.142857144
Whitefield,2,1063.0,2.0,5179381.666666667
Channasandra,2,3040.0,2.0,25290500.0
TC Palaya,6,1000.0,6.0,13176833.333333336
Whitefield,2,1130.0,2.0,7522473.333333334
KR Puram,2,1200.0,2.0,6533526.190476191
Hosur Road,2,1656.0,2.0,11558795.0
Mysore Road,3,1568.0,2.0,8701780.0
Jakkur,2,1290.0,2.0,8804189.571428569
Uttarahalli,3,1385.0,2.0,6236214.51190476
9th Phase JP Nagar,7,1200.0,6.0,15218000.0
Nelamangala,4,2600.0,3.0,18330666.666666668
Hennur Road,2,1460.0,2.0,7467214.583333332
Whitefield,2,1280.0,2.0,7857321.428571428
Vittasandra,2,1404.0,2.0,7008703.293650793
Thanisandra,2,1220.0,2.0,6152441.666666668
Kasavanhalli,3,1915.0,3.0,14217500.0
HRBR Layout,3,1200.0,3.0,7303693.785714286
3rd Block Jayanagar,3,2150.0,3.0,17066833.333333336
Doddanakundi Industrial Area 2,2,1194.0,2.0,4958108.421228581
Gkvk Layout,3,1350.0,3.0,6769000.0
Somasundara Palya,3,1275.0,2.0,5818790.0
Electronic City,3,1563.0,3.0,9373061.904761905
EPIP Zone,3,2350.0,4.0,23026000.0
7th Phase JP Nagar,3,1650.0,3.0,11167268.650793653
Ramamurthy Nagar,3,1410.0,2.0,5910204.0
Kaggadasapura,3,1540.0,3.0,7583453.333333334
KR Puram,2,1100.0,2.0,4644832.142857143
Raja Rajeshwari Nagara,3,1537.0,3.0,9132399.285714285
Malleshpalya,2,1060.0,2.0,4906780.0
Pai Layout,2,1175.0,2.0,5066863.333333333
Hormavu,4,3500.0,4.0,27583900.0
Koramangala,2,1320.0,2.0,14705809.523809524
Ambedkar Nagar,3,1950.0,4.0,12174416.666666664
Hulimavu,2,850.0,1.0,3663795.0
Dollars Colony,4,4350.0,8.0,42606500.0
Indira Nagar,3,1650.0,3.0,19308213.333333332
Kodichikkanahalli,5,2700.0,7.0,14196500.0
Dodsworth Layout,2,1340.0,2.0,7392488.333333334
Old Airport Road,4,2658.0,5.0,19554350.0
Marsur,3,1200.0,3.0,10079390.0
Garudachar Palya,2,1060.0,2.0,4835240.0
Babusapalaya,2,1061.0,2.0,3916930.0
Marathahalli,3,1710.0,3.0,10357500.0
Mylasandra,2,1110.0,2.0,5219260.0
Kannamangala,3,1574.0,3.0,9187213.253968254
manyata,2,1169.0,2.0,5708799.999999999
Sahakara Nagar,3,1200.0,2.0,8104339.682539684
Nagarbhavi,3,1200.0,3.0,23448438.57142857
Raja Rajeshwari Nagar,9,3125.0,9.0,23695000.0
Dasanapura,2,1163.0,2.0,6020746.666666666
HSR Layout,3,1600.0,2.0,11464026.666666668
Electronic City,2,1020.0,2.0,5362928.69047619
Whitefield,3,1200.0,3.0,6835362.619047619
Outer Ring Road East,3,3664.0,3.0,30098000.0
Hebbal,3,1900.0,3.0,13550407.142857144
Tumkur Road,3,1441.0,2.0,9062620.238095239
Hennur Road,2,987.0,2.0,4934903.333333334
Ardendale,4,3198.0,4.0,23815500.0
Mallasandra,3,1665.0,3.0,8957011.428571427
Sector 2 HSR Layout,2,1146.0,2.0,5718357.142857143
Basavangudi,2,1100.0,2.0,8094750.0
Old Madras Road,3,1350.0,3.0,6755000.0
Budigere,2,1153.0,2.0,5872906.666666666
Kanakpura Road,3,1592.0,3.0,11644772.61904762
Shirdi Sai Layout,4,1200.0,3.0,12213215.0
A Narayanapura,1,600.0,2.0,3255615.0
Yelahanka,2,1322.0,2.0,8137456.666666666
Whitefield,3,1485.0,3.0,12270227.11111111
Kaikondrahalli,2,1300.0,2.0,6251156.666666666
Whitefield,1,905.0,1.0,5573661.904761906
JP Nagar,3,3860.0,3.0,33091000.0
Basavangudi,6,1214.0,3.0,12412930.0
Electronic City,2,1070.0,2.0,5648602.861860361
"ECC Road, Whitefield, ",3,1575.0,3.0,8972123.80952381
Thippasandra,4,1200.0,4.0,11855000.0
Hennur,2,1225.0,2.0,4939079.372294372
Whitefield,2,1125.0,2.0,7238470.0
Yarandahalli,2,1015.0,2.0,4833950.833333333
5th Phase JP Nagar,2,1200.0,2.0,6116330.0
Silk Board,3,1250.0,3.0,4171959.9999999995
Haralur Road,2,1000.0,2.0,4824800.0
Hebbal,3,1645.0,3.0,11938413.455988457
Ramagondanahalli,2,1151.0,2.0,4538128.603896104
Haralur Road,2,1240.0,2.0,5877856.12914368
Banashankari Stage II,2,1245.0,2.0,8837640.0
Kannamangala,2,957.0,2.0,5520149.007936507
Chandra Layout,3,700.0,3.0,10383125.0
Jalahalli,3,1870.0,3.0,12591666.666666664
Madiwala,1,400.0,1.0,1691840.0
Bhuvaneswari Nagar,4,2400.0,3.0,16312750.0
Basaveshwara Nagar,5,2520.0,4.0,27710000.0
Marathahalli,2,1125.0,2.0,5430651.111111112
Nagarbhavi,2,1145.0,2.0,5154145.555555556
Dasarahalli,3,1520.0,2.0,8186834.579831932
Outer Ring Road East,3,1500.0,2.0,8359561.197242299
Kaikondrahalli,3,1605.0,3.0,8931500.0
Naganathapura,2,2260.0,3.0,14248335.714285713
Singapura Village,2,970.0,2.0,4354013.333333333
Thanisandra,1,760.0,1.0,4563831.666666666
Hebbal,3,1255.0,3.0,8080420.0
Electronic City,2,919.0,2.0,4575653.333333334
Thanisandra,2,1185.0,2.0,6748251.666666669
Stage-4 Bommanahalli,3,2300.0,2.0,16811000.0
Devanahalli,3,1200.0,3.0,7086213.785714286
R.T. Nagar,6,1500.0,6.0,16996000.0
Haralur Road,2,1194.0,2.0,4647351.019027972
Hebbal,3,1355.0,3.0,8529130.0
Brooke Bond First Cross,3,1721.0,3.0,10378493.333333332
Devi Nagar,3,2000.0,3.0,10220000.0
Yeshwanthpur,1,400.0,1.0,2012840.0
Banashankari,3,1350.0,2.0,7093394.666666666
Whitefield,2,1140.0,2.0,7238175.238095238
Kambipura,2,883.0,2.0,4095635.5457966537
Kamakshipalya,4,800.0,4.0,9917500.0
Horamavu Agara,3,1623.0,3.0,9089961.666666666
Marathahalli,2,1270.0,2.0,6761748.333333332
HBR Layout,3,1700.0,3.0,11226211.904761905
Ankappa Layout,3,1425.0,2.0,7165900.0
Ramamurthy Nagar,1,540.0,1.0,2438639.4871794875
Basavanna Nagar,3,1645.0,3.0,9215910.714285715
Talaghattapura,2,951.0,2.0,4151801.666666666
Jigani,2,918.0,2.0,5218785.107115108
Whitefield,4,2990.0,3.0,25092000.0
Nandi Durga Road,2,2015.0,4.0,15671783.333333332
Babusapalaya,2,1245.0,2.0,7230610.973084886
Chikkabanavar,3,1320.0,2.0,6026204.285714285
Virupakshapura,2,1075.0,2.0,5280301.153846154
Marathahalli,4,4000.0,4.0,54967095.23809524
Sadaramangala,2,1260.0,2.0,5902725.0
Anekal,3,1150.0,3.0,5661825.0
HOSUR MAIN ROAD,3,1393.0,3.0,7142170.0
Old Madras Road,2,1165.0,2.0,4624343.333333333
Geddalahalli,2,850.0,2.0,3138475.0
Banashankari,3,2582.0,5.0,21673500.0
Dodda Nekkundi,3,2400.0,4.0,17575719.04761905
Venkatapura,3,2700.0,2.0,20837785.714285716
Sidedahalli,2,900.0,2.0,3226033.333333334
Sarjapur  Road,4,1240.0,4.0,14297000.0
Kengeri,3,1245.0,2.0,6350680.973084886
Whitefield,3,1896.0,3.0,13920666.666666668
Sarakki Nagar,3,2500.0,4.0,23357500.0
Richmond Town,3,2200.0,3.0,16862833.333333332
Hoodi,3,1660.0,3.0,12285853.333333336
JP Nagar,2,1157.0,2.0,7137193.333333334
Banashankari Stage III,4,2400.0,4.0,15964202.38095238
Sahakara Nagar,3,1655.0,3.0,9318822.857142858
2nd Block Koramangala,3,3000.0,3.0,26469976.19047619
Bellandur,2,1260.0,2.0,5587148.095238095
2nd Stage Nagarbhavi,5,1200.0,4.0,24005000.0
Mahadevpura,3,1400.0,2.0,7224645.0
Sarvobhogam Nagar,3,1490.0,3.0,8454980.0
Kathriguppe,3,1350.0,2.0,8244991.333333334
Hosa Road,2,880.0,2.0,4009083.0607769424
Yelahanka,1,827.5,1.0,3855956.666666666
Horamavu Agara,2,1145.0,2.0,4789386.031746031
Dasarahalli,2,1375.0,2.0,7986429.166666666
OMBR Layout,3,1730.0,3.0,11459133.333333332
Whitefield,3,3758.0,3.0,31308000.0
Devanahalli,4,5000.0,4.0,41271000.0
Garudachar Palya,3,1610.0,2.0,9613153.333333334
Whitefield,2,1340.0,2.0,8333605.0
Electronics City Phase 1,3,1350.0,3.0,6997000.0
Abbigere,2,985.0,2.0,4180133.333333333
Whitefield,4,60.0,4.0,7358500.0
Tunganagara,1,600.0,1.0,3310155.0
Gottigere,3,1425.0,2.0,6897440.0
Old Madras Road,4,3630.0,6.0,22996000.0
Poorna Pragna Layout,3,1270.0,2.0,5079000.0
1st Phase JP Nagar,2,1394.0,2.0,7265355.0
Canara Bank Layout,4,1200.0,4.0,11855000.0
Mysore Road,3,1512.0,2.0,8590881.00840336
Jakkur,3,1660.0,3.0,10084331.428571427
Basaveshwara Nagar Yelahanka,3,3210.0,4.0,25020000.0
Horamavu Agara,2,1079.0,2.0,4614600.0
7th Phase JP Nagar,3,1680.0,2.0,11789730.0
KR Puram,2,1021.0,2.0,4077707.5
Hennur Road,3,1192.0,2.0,6339543.431372548
Kothannur,2,820.0,2.0,3161205.0
Ambalipura,1,770.0,1.0,3994267.5
Electronic City Phase II,2,1065.0,2.0,3078348.611111111
Whitefield,3,1405.0,3.0,7849746.666666666
ITI Layout,3,1533.0,3.0,8280357.916666666
Electronic City,3,1620.0,3.0,10782800.0
 ittamadu,3,600.0,2.0,8111000.0
Shivaji Nagar,7,1400.0,6.0,16136000.0
Uttarahalli,3,1200.0,3.0,7086213.785714286
Singasandra,3,1464.0,3.0,6574080.0
Akshaya Nagar,3,1700.0,3.0,10844716.666666664
7th Phase JP Nagar,1,500.0,1.0,1982556.6666666665
Hoodi,2,1111.0,2.0,8564944.142857144
Kothannur,2,1197.0,2.0,5543591.792717086
Bommasandra,2,1060.0,2.0,4344306.404761906
Hoodi,2,1400.0,2.0,7806793.333333334
Kaggadasapura,2,775.0,2.0,3645326.904761905
Brookefield,2,1588.0,2.0,8924560.0
KR Puram,4,1200.0,4.0,9696033.333333336
Vidyaranyapura,4,2400.0,5.0,16766452.38095238
Vidyaranyapura,3,462.0,3.0,4889000.0
Harappanahalli,4,4560.0,5.0,43654333.33333333
Uttarahalli,5,400.0,5.0,7301000.0
TC Palaya,2,900.0,2.0,5500000.0
Domlur,2,1276.0,2.0,9063045.0
Sultan Palaya,6,1800.0,8.0,12698500.0
Kurubarahalli,1,1200.0,1.0,4811490.0
Kudlu,3,1293.0,2.0,7685207.5
Hebbal,2,1175.0,2.0,5253433.333333333
T c palya,3,1500.0,2.0,8367561.197242299
Tumkur Road,2,1098.0,2.0,5281137.0
Kasavanhalli,3,1545.0,3.0,8229648.333333332
Kadugodi,3,1890.0,4.0,12595500.0
Thanisandra,2,1140.0,2.0,6206358.738095238
Electronic City,3,1600.0,3.0,10918733.333333336
Sarjapur  Road,2,1262.0,2.0,8150916.666666666
Chandapura,4,4800.0,4.0,40388000.0
Sarjapur  Road,4,2425.0,5.0,18664666.666666668
Bannerghatta,3,1776.0,3.0,11478305.0
Sampangi Rama Nagar,8,600.0,4.0,7592000.0
Hebbal,2,1420.0,2.0,10067760.380952379
HAL 2nd Stage,2,1226.0,3.0,7246120.0
Mango Garden Layout,3,1824.0,3.0,10863166.666666664
Bannerghatta Road,3,1200.0,2.0,6779227.777777778
Kengeri,1,540.0,1.0,2385396.153846154
Marathahalli,2,1602.0,2.0,8761130.0
Thanisandra,2,1039.0,2.0,6888096.428571428
Haralur Road,4,2805.0,5.0,24353000.0
Nagasandra,7,1750.0,5.0,17512000.0
Uttarahalli,2,1137.0,2.0,4843862.797619048
Nanjappa Layout,2,1232.0,2.0,5709238.23040848
Subramanyapura,2,958.0,2.0,4296780.0
Begur Road,2,1170.0,2.0,4254739.071231056
Haralur Road,2,1194.0,2.0,4647351.019027972
Bannerghatta Road,2,1218.0,2.0,6964695.0
Kothanur,3,1847.0,3.0,11442833.333333336
Bannerghatta Road,2,1255.0,2.0,6084501.875
Kanakpura Road,2,1140.0,2.0,4751274.507326008
Bannerghatta Road,3,1450.0,3.0,8479260.761904761
Raja Rajeshwari Nagar,2,1419.0,2.0,5647705.333333334
Sector 6 HSR Layout,6,2400.0,5.0,19710000.0
Jakkur,3,1798.0,3.0,11050000.0
Banashankari Stage II,2,500.0,2.0,2250166.6666666665
Electronics City Phase 1,3,1445.0,2.0,8053231.0
Vinayak Nagar,3,1758.0,3.0,11469993.571428569
R.T. Nagar,7,600.0,7.0,7714000.0
Hoodi,3,1715.0,2.0,9336440.0
Hebbal,4,2470.0,5.0,21275558.333333332
Yelahanka New Town,3,2437.0,3.0,22896166.666666664
Konanakunte,4,1200.0,2.0,11405000.0
Lakshminarayana Pura,2,1169.0,2.0,7592860.0
Chandapura,2,985.0,2.0,2957973.333333333
Nagashetty Halli,2,1350.0,2.0,7656683.333333334
RMV 2nd Stage,3,2550.0,4.0,16579666.666666664
Hanumantha Nagar,8,3300.0,8.0,17859000.0
Balagere,1,656.0,1.0,4497185.035714285
Panathur,2,1359.0,2.0,8350771.666666666
Yelahanka,2,1035.0,2.0,4879053.333333334
Jalahalli East,2,1020.0,2.0,4991466.5
Akshaya Nagar,3,1897.0,3.0,10762950.0
Kengeri Satellite Town,2,1050.0,2.0,5044620.0
Hebbal,2,1162.0,2.0,5818260.0
Sarjapur  Road,3,1173.0,2.0,6464594.444444444
Silk Board,3,1435.0,2.0,7744102.5
Kadugodi,9,6200.0,9.0,28458000.0
K G Colony,3,1600.0,2.0,9137726.666666668
Old Madras Road,3,1480.0,3.0,8268490.0
Whitefield,4,3940.0,5.0,39988250.0
Poornapragna Housing Society Layout,3,1270.0,2.0,5925700.0
7th Phase JP Nagar,2,1270.0,2.0,8222864.285714285
Electronic City,1,435.0,1.0,2024150.0
NRI Layout,2,2400.0,2.0,14561750.0
Kanakpura Road,2,1339.0,2.0,8035560.476190477
Pattanagere,2,850.0,2.0,3138475.0
1st Block Koramangala,3,1800.0,3.0,10355866.666666666
Sector 7 HSR Layout,3,1760.0,3.0,15885173.809523806
Harlur,3,1414.0,3.0,11429300.0
Suddaguntepalya,3,1425.0,3.0,6592600.0
Jakkur,4,3181.0,,23090000.0
Shankarapuram,2,900.0,1.0,7901133.333333332
Kundalahalli,2,1291.0,2.0,7060443.333333332
Hosakerehalli Layout,7,2500.0,6.0,10972000.0
Hebbal,2,1053.0,2.0,4848540.416666667
Whitefield,3,1495.0,,11154610.0
Whitefield,2,1215.0,2.0,7686999.553863486
 Devarabeesana Halli,2,1296.0,2.0,6627166.666666666
Cottonpet,4,1750.0,2.0,10532795.0
Sarjapur  Road,4,2990.0,4.0,23622000.0
Hoodi,3,1660.0,3.0,12285853.333333336
Chikkalasandra,3,1290.0,2.0,6176611.785714285
K R C kothanur,2,1140.0,2.0,4743774.507326008
Kodihalli,3,2392.0,4.0,25583000.0
Thyagaraja Nagar,5,570.0,5.0,8646000.0
Kammanahalli,2,1160.0,2.0,5184565.0
Thanisandra,3,2002.0,3.0,12457666.666666668
Kasavanhalli,2,1121.0,2.0,5541790.0
Anandapura,4,1749.0,4.0,16211060.0
KR Puram,2,1290.0,2.0,5676546.666666668
JP Nagar,2,1300.0,2.0,8185930.0
Sompura,2,1090.0,2.0,4410136.833333333
Udayapur Village,3,1440.0,2.0,7872347.166666666
Somasundara Palya,2,1329.0,2.0,7836866.238095238
Sector 2 HSR Layout,2,1296.0,2.0,6743166.666666666
5th Block Jayanagar,4,10624.0,4.0,68701000.0
5th Phase JP Nagar,5,2500.0,5.0,12051666.666666664
Kengeri,2,726.0,2.0,3095214.2857142854
Doctors Layout,2,1125.0,2.0,4506194.285714286
Kengeri Hobli,3,600.0,2.0,8111000.0
Frazer Town,3,1750.0,3.0,13503183.333333332
Rachenahalli,3,1530.0,2.0,7443263.78996004
Ananth Nagar,2,870.0,2.0,3065380.0
Hennur Road,3,1290.0,2.0,9425767.5
Electronic City Phase II,2,1219.0,2.0,6790820.0
Banjara Layout,3,1294.0,2.0,6101455.119047619
Bannerghatta Road,3,1550.0,3.0,8181728.333333334
Kanakpura Road,3,1592.0,3.0,11644772.61904762
Hosa Road,2,1161.0,2.0,5289983.80952381
Gopalkrishna Nagar,2,1165.0,2.0,5369566.666666668
Varthur,2,1280.0,2.0,6400366.666666666
Hebbal,2,1320.0,2.0,9910498.0
Yelahanka,3,1355.0,2.0,7590966.666666666
Basavangudi,3,1350.0,2.0,7194694.666666668
Budigere,3,1820.0,3.0,9667291.666666668
Munnekollal,2,1210.0,2.0,5261256.666666666
Lingadheeranahalli,3,1893.0,3.0,13231033.333333336
HAL 2nd Stage,3,2100.0,3.0,21454333.333333336
5th Phase JP Nagar,5,4000.0,5.0,40590750.0
Yelahanka,2,1519.0,2.0,7757805.238095238
BHEL Layout,4,1200.0,3.0,12348215.0
Shampura,7,2800.0,5.0,12810000.0
Vishwapriya Layout,7,950.0,7.0,12444833.333333336
Kothanur,2,1140.0,2.0,5400789.166666666
Alfa Garden Layout,2,975.0,2.0,4774686.666666666
Kundalahalli,4,2500.0,5.0,37119666.666666664
Mysore Road,2,1175.0,2.0,7186708.809523809
Padmanabhanagar,3,1400.0,3.0,6872040.0
Kanakpura Road,3,1100.0,2.0,6249476.515151515
Hennur Road,3,1936.0,3.0,12698750.0
Bommenahalli,4,2940.0,3.0,23916000.0
Doddanakundi Industrial Area 2,2,1092.0,2.0,4282246.666666666
9th Phase JP Nagar,2,1050.0,2.0,4323260.0
BTM Layout,2,1150.0,2.0,5010267.916666667
Bisuvanahalli,3,1180.0,3.0,6500708.333333334
Banashankari 6th Stage,2,1330.0,2.0,7983967.904761905
Kudlu Gate,3,1707.0,,9295420.0
Ambedkar Nagar,3,1935.0,4.0,12410500.0
Electronics City Phase 1,3,1522.5,,8155740.0
Kammanahalli,4,900.0,4.0,9785500.0
Sarjapur,1,650.0,1.0,1930955.0
Whitefield,1,665.0,,3688980.2380952374
Housing Board Layout Vijay Nagar,8,1200.0,8.0,14944500.0
Sonnenahalli,1,605.0,1.0,3351121.666666667
Sarjapur  Road,3,1691.0,3.0,10895758.838671949
JP Nagar,3,20000.0,3.0,140226000.0
Whitefield,4,4800.0,4.0,48557000.0
Bannerghatta Road,2,1215.0,2.0,6062989.285714285
Gollarapalya Hosahalli,4,1905.0,3.0,12856666.666666668
Mahalakshmi Layout,4,1575.0,5.0,17647450.0
Murugeshpalya,3,1344.0,2.0,6039188.0
KR Puram,3,1700.0,3.0,11769678.571428573
Srinagar,4,2000.0,3.0,10229500.0
Electronic City Phase II,2,1200.0,2.0,6446670.0
Talaghattapura,3,1257.0,2.0,7192965.0
Raja Rajeshwari Nagar,2,1140.0,2.0,4338831.404484405
Sanjay nagar,3,1200.0,2.0,6470377.777777778
Vidyaranyapura,3,1100.0,2.0,6821500.0
Billekahalli,2,1140.0,2.0,5390928.738095238
Giri Nagar,6,1200.0,3.0,14512000.0
Hennur Bande,5,1200.0,4.0,12897500.0
5th Phase JP Nagar,2,1440.0,2.0,8661898.0
Varthur,2,1083.0,2.0,4708013.571428571
7th Phase JP Nagar,3,2100.0,3.0,18728714.285714284
Ardendale,3,1777.26,3.0,9937083.333333334
Thanisandra,2,1093.0,2.0,6806709.047619048
Rachenahalli,3,1550.0,3.0,7649570.0
Bisuvanahalli,3,1075.0,2.0,4983446.887391933
Kengeri,5,8000.0,5.0,93999000.0
Kalena Agrahara,2,1200.0,3.0,5704470.0
Kanakapura,1,551.0,1.0,1924340.0
Hulimavu,2,1255.0,2.0,7162100.000000003
Bellandur,3,2666.0,3.0,21464583.333333332
Sarjapur  Road,3,1510.0,2.0,9224321.960784314
Devanahalli,3,1466.0,3.0,7624810.0
BTM Layout,3,1450.0,2.0,8256288.333333334
Whitefield,3,1386.0,3.0,6971326.666666668
Marathahalli,2,1100.0,2.0,5618420.0
Indira Nagar,2,1149.0,2.0,8988733.333333334
Whitefield,2,1190.0,2.0,6854597.745098039
Krishna Reddy Layout,3,1250.0,3.0,4191959.9999999995
Chandapura,2,1200.0,2.0,4500133.333333333
Bellandur,2,1000.0,2.0,5051698.666666666
Jakkur,2,1260.0,2.0,6848073.333333334
Hosa Road,2,1161.0,2.0,5289983.80952381
Frazer Town,3,2350.0,4.0,28647666.666666664
Electronics City Phase 1,2,1205.0,2.0,6177909.999999999
Hoysalanagar,3,1320.0,2.0,6025424.285714285
Vaishnavi Layout,4,4830.0,5.0,42830500.0
Kaggadasapura,2,1200.0,2.0,5142642.857142857
Electronic City Phase II,2,1244.0,2.0,6836196.190476191
Hennur,2,1255.0,2.0,5504431.766212981
KR Puram,7,1200.0,8.0,18578333.333333332
Hebbal,3,1255.0,2.0,8592480.85714286
Electronic City,3,1105.0,2.0,6287196.011904763
5th Phase JP Nagar,2,1256.0,2.0,6305178.333333332
5th Phase JP Nagar,3,1725.0,2.0,9600680.0
Begur Road,2,1200.0,2.0,4354300.610449191
Ambedkar Nagar,2,1424.0,2.0,8885325.0
Indira Nagar,4,2200.0,4.0,18786760.0
Shivaji Nagar,2,703.0,2.0,4728993.333333333
Electronic City,2,1073.0,2.0,5631547.385669884
Kanakpura Road,3,1603.0,3.0,9451450.0
Kaggadasapura,2,1180.0,2.0,6370000.0
Gunjur,2,1235.0,2.0,5522229.545454545
Nanjappa Layout,3,1800.0,3.0,10355866.666666666
Dodsworth Layout,6,30400.0,4.0,164435000.0
Varthur,3,1360.0,2.0,7145663.333333334
Kadugodi,5,1100.0,5.0,14911500.0
Ramagondanahalli,2,1215.0,2.0,4641064.0
Kanakpura Road,3,1596.0,3.0,10715533.333333334
8th Block Jayanagar,6,2000.0,6.0,13536000.0
Panathur,2,1180.0,2.0,6390176.904761905
Channasandra Layout,3,1563.0,2.0,7977028.571428571
Kathriguppe,2,1250.0,2.0,6130044.285714285
1st Block Jayanagar,3,1760.0,3.0,11932914.999999998
Mysore Road,2,1200.0,2.0,6263300.0
Marathahalli,2,1350.0,2.0,7664647.142857143
BTM 1st Stage,7,600.0,7.0,7854000.0
Raja Rajeshwari Nagar,2,1185.0,2.0,4457947.690476191
Green Glen Layout,3,1970.0,3.0,14011500.0
Akshaya Nagar,3,1419.0,2.0,7429800.0
Padmanabhanagar,2,1150.0,2.0,5047964.583333334
Uttarahalli,3,1330.0,2.0,5667630.952380952
Panathur,2,1050.0,2.0,5025433.75
HSR Layout,3,1475.0,3.0,7932140.0
Balagere,2,1012.0,2.0,6787426.19047619
5th Phase JP Nagar,2,1190.0,2.0,5170728.77463266
Whitefield,1,905.0,1.0,5573661.904761906
Sultan Palaya,4,2200.0,3.0,15826919.999999998
Marathahalli,3,1690.0,3.0,11504899.166666668
Harlur,2,1197.0,2.0,7880210.858585859
Bommasandra,3,1260.0,3.0,5406496.071428572
Kanakpura Road,3,1570.0,3.0,10095495.23809524
Sarjapur  Road,4,4395.0,4.0,48728000.0
Sarjapur  Road,2,1210.0,2.0,9852750.0
Somasundara Palya,3,1600.0,3.0,9464316.666666668
JP Nagar,2,1048.0,2.0,4196090.0
Kanakpura Road,2,700.0,1.0,3724167.9365079375
Indira Nagar,3,2700.0,3.0,36068833.333333336
Vishveshwarya Layout,7,4000.0,7.0,15697000.0
Kengeri Satellite Town,2,1007.0,2.0,4356238.333333334
Sonnenahalli,3,1610.0,3.0,8857000.0
Kundalahalli,3,1397.0,3.0,10572934.992784994
7th Phase JP Nagar,2,1050.0,2.0,5978679.523809525
Choodasandra,3,1560.0,3.0,9096336.666666666
NGR Layout,2,1020.0,2.0,4786466.369047618
Whitefield,2,1197.0,2.0,7152311.211733266
Hennur Road,3,2320.0,3.0,15457926.666666664
Uttarahalli,2,1380.0,2.0,7513636.666666668
Nagarbhavi,4,1200.0,4.0,21190000.0
MLA Layout,2,1050.0,2.0,4704623.75
Nehru Nagar,2,1100.0,2.0,5267950.0
6th Phase JP Nagar,1,750.0,1.0,4717623.0
Kammanahalli,4,1080.0,3.0,12229200.0
HMT Layout,2,1105.0,2.0,4473545.000000001
Cholanayakanahalli,5,3000.0,6.0,26071133.33333333
Ambedkar Nagar,5,5530.0,5.0,46375000.0
Chikka Tirupathi,3,2325.0,3.0,13772900.0
Makali,1,530.0,1.0,2074106.4365079368
Belathur,2,460.0,1.0,2161885.0
Mico Layout,3,1550.0,2.0,8023141.904761905
BTM Layout,2,1196.0,2.0,5100327.379463674
Devanahalli Int. Airport,4,4800.0,5.0,41988500.0
Hennur Road,2,1317.5,2.0,6756461.666666666
Attibele,1,418.0,2.0,1575946.4285714286
Lingadheeranahalli,3,1687.0,3.0,12343634.523809524
Vittasandra,2,1404.0,2.0,7008703.293650793
Tirumanahalli,2,1255.0,2.0,6156950.541666666
Hosakerehalli,2,1304.0,2.0,7886925.0
Bannerghatta Road,1,700.0,1.0,3602641.666666666
Hosa Road,2,1045.0,2.0,5725047.571428571
HSR Layout,2,1372.0,2.0,6712150.0
Kathriguppe,3,1390.0,2.0,7559295.333333332
Anandapura,2,616.0,3.0,5647500.0
2nd Stage Nagarbhavi,5,1200.0,4.0,24005000.0
Sadashiva Nagar,3,3761.0,3.0,52275000.0
Hebbal,3,1328.0,2.0,6682827.285714286
Balagere,2,1007.0,2.0,6707635.238095238
Uttarahalli,3,1329.0,2.0,5619205.9523809515
Harlur,2,1303.0,2.0,6867139.76190476
Rachenahalli,2,1050.0,2.0,5234091.547085654
Sarjapur,3,1600.0,3.0,8981833.333333334
Whitefield,3,1755.0,3.0,13697001.666666664
"JP Nagar 8th Phase, ",4,5000.0,5.0,42158000.0
Kaggalipura,2,1000.0,2.0,5086181.363081363
Koramangala,2,1320.0,2.0,14705809.523809524
Sarjapur  Road,3,2720.0,5.0,22031333.33333333
Naganathapura,8,1200.0,7.0,14190000.0
Mallathahalli,3,1225.0,3.0,5664083.333333334
Kalyan nagar,2,1250.0,2.0,5957034.285714285
Subramanyapura,2,1260.0,2.0,6331751.19047619
tc.palya,2,1020.0,2.0,4668683.928571429
Doddabommasandra,8,3150.0,5.0,16289333.333333332
Kanakpura Road,3,1450.0,3.0,7224549.76190476
Begur Road,3,1615.0,3.0,9228185.95238095
Electronic City,2,660.0,1.0,3306644.11019536
Vidya Nagar,2,3760.0,2.0,28317750.0
Kaval Byrasandra,2,1200.0,2.0,5215500.0
Frazer Town,3,1510.0,2.0,11519736.960784314
Bannerghatta Road,3,1465.0,2.0,8310090.0
Dodda Nekkundi,3,1435.0,3.0,7316930.0
 Electronic City,1,435.0,1.0,2160010.0
Pai Layout,2,1000.0,2.0,4399000.0
Whitefield,2,1215.0,2.0,7686999.553863486
Ashok Nagar,2,703.0,2.0,3995993.333333333
Yelahanka,5,2500.0,3.0,11475000.0
Chikkabanavar,3,1600.0,2.0,9137726.666666668
Whitefield,3,1200.0,3.0,6835362.619047619
Subramanyapura,2,1000.0,2.0,5899270.238095238
Nagarbhavi,4,600.0,4.0,7634883.333333332
Rajaji Nagar,3,1640.0,3.0,24429915.079365086
Banjara Layout,2,1050.0,2.0,4704623.75
Dr Shivarama Karantha Nagar,2,1200.0,2.0,5297615.714285715
Old Madras Road,4,4000.0,4.0,42563928.571428575
Bileshivale,6,2400.0,7.0,15193000.0
Bank Of Baroda Colony,2,1080.0,2.0,5042733.333333333
Banashankari Stage III,4,2100.0,3.0,13508523.809523812
Whitefield,3,1496.0,2.0,11147610.0
Pai Layout,2,1006.0,2.0,4672560.0
J C Nagar,3,1525.0,3.0,8664039.166666668
Chandapura,3,1110.0,2.0,4893840.0
Whitefield,3,2500.0,3.0,25853000.0
Budigere,3,1820.0,3.0,9667291.666666668
Suddaguntepalya,2,830.0,2.0,3481036.666666667
Chamrajpet,3,1650.0,3.0,9839451.666666666
Hebbal,3,1255.0,2.0,8592480.85714286
Subramanyapura,3,1223.0,2.0,5202350.0
Harlur,3,1755.0,3.0,12016263.095238091
Munivenkatppa Layout,4,4500.0,3.0,34335750.0
Electronics City Phase 1,2,865.0,2.0,3673810.0
Green Woods Layout,2,1206.0,2.0,5713545.0
Old Madras Road,2,935.0,2.0,3762201.2193362187
Uday Nagar,3,1650.0,3.0,9839451.666666666
Gubbalala,3,1745.0,3.0,11367120.743145745
Electronics City Phase 1,1,785.0,1.0,3830730.7499999995
Sarjapur  Road,3,3004.0,4.0,27708292.85714286
Giri Nagar,7,4500.0,5.0,47380000.0
Chikkalasandra,3,1365.0,2.0,6567961.666666666
Hosa Road,2,1143.0,2.0,5278323.80952381
Horamavu Banaswadi,2,1272.0,2.0,5044396.428571428
HOSUR MAIN ROAD,3,1464.0,3.0,5643000.0
Electronic City,3,1631.0,3.0,9748526.666666666
Hennur,2,1285.0,2.0,6175596.869620576
Kanakapur main road,2,1025.0,2.0,4363855.833333334
Hebbal,2,1349.0,2.0,9731492.142857142
Electronic City,2,880.0,2.0,4105631.3941102754
Jakkur,3,1710.0,3.0,11124780.0
Thanisandra,2,1260.0,2.0,7755640.000000001
Hennur Road,4,2502.0,4.0,25982166.666666664
Electronics City Phase 1,3,1450.0,2.0,8247288.333333334
Basavangudi,2,1230.0,2.0,9853000.0
Choodasandra,2,1115.0,2.0,4964670.0
Old Madras Road,3,2640.0,5.0,16105000.0
8th Phase JP Nagar,3,1431.5,3.0,7666450.0
Yelahanka,3,1823.0,3.0,10503666.666666666
Koramangala,3,1700.0,3.0,20184200.0
Singasandra,4,3366.0,4.0,20821000.0
Rachenahalli,2,1200.0,2.0,4605900.0
Dodda Nekkundi,2,1155.0,2.0,5077374.833333333
9th Phase JP Nagar,3,1300.0,2.0,5983516.785714285
Judicial Layout,2,900.0,2.0,4442333.333333334
Chikkalasandra,2,1100.0,2.0,5114930.0
